repayment_id,policy_no,due_date,status
RP1,T10021,2025-10-31,missed
RP2,T10021,2026-01-30,missed
RP3,T10021,2026-05-01,paid
RP4,T10076,2025-10-31,paid
RP5,T10076,2025-11-30,paid
RP6,T10076,2025-12-30,paid
RP7,T10076,2026-01-29,paid
RP8,T10076,2026-02-28,missed
RP9,T10076,2026-03-30,missed
RP10,T10076,2026-04-29,paid
RP11,T10076,2026-05-29,missed
RP12,T10076,2026-06-28,paid
RP13,T10077,2025-10-31,paid
RP14,T10077,2025-11-30,paid
RP15,T10077,2025-12-30,paid
RP16,T10077,2026-01-29,missed
RP17,T10077,2026-02-28,missed
RP18,T10077,2026-03-30,paid
RP19,T10077,2026-04-29,paid
RP20,T10077,2026-05-29,paid
RP21,T10077,2026-06-28,missed
RP22,T10094,2025-10-31,missed
RP23,T10094,2026-01-30,paid
RP24,T10094,2026-05-01,paid
RP25,T10095,2025-10-31,missed
RP26,T10095,2025-11-30,paid
RP27,T10095,2025-12-30,paid
RP28,T10095,2026-01-29,paid
RP29,T10095,2026-02-28,paid
RP30,T10095,2026-03-30,paid
RP31,T10095,2026-04-29,paid
RP32,T10095,2026-05-29,paid
RP33,T10095,2026-06-28,paid
RP34,T10107,2025-10-31,missed
RP35,T10107,2025-11-30,paid
RP36,T10107,2025-12-30,paid
RP37,T10107,2026-01-29,paid
RP38,T10107,2026-02-28,paid
RP39,T10107,2026-03-30,missed
RP40,T10107,2026-04-29,paid
RP41,T10107,2026-05-29,paid
RP42,T10107,2026-06-28,missed
RP43,T10174,2025-10-31,paid
RP44,T10174,2025-11-30,paid
RP45,T10174,2025-12-30,paid
RP46,T10174,2026-01-29,paid
RP47,T10174,2026-02-28,missed
RP48,T10174,2026-03-30,missed
RP49,T10174,2026-04-29,missed
RP50,T10174,2026-05-29,missed
RP51,T10174,2026-06-28,paid
RP52,T10252,2025-10-31,paid
RP53,T10252,2025-11-30,paid
RP54,T10252,2025-12-30,paid
RP55,T10252,2026-01-29,missed
RP56,T10252,2026-02-28,paid
RP57,T10252,2026-03-30,paid
RP58,T10252,2026-04-29,missed
RP59,T10252,2026-05-29,paid
RP60,T10252,2026-06-28,paid
RP61,T10309,2025-10-31,missed
RP62,T10309,2025-11-30,paid
RP63,T10309,2025-12-30,missed
RP64,T10309,2026-01-29,missed
RP65,T10309,2026-02-28,paid
RP66,T10309,2026-03-30,paid
RP67,T10309,2026-04-29,paid
RP68,T10309,2026-05-29,paid
RP69,T10309,2026-06-28,paid
RP70,T10311,2025-10-31,paid
RP71,T10311,2026-01-30,paid
RP72,T10311,2026-05-01,missed
RP73,T10425,2025-10-31,paid
RP74,T10425,2025-11-30,paid
RP75,T10425,2025-12-30,missed
RP76,T10425,2026-01-29,paid
RP77,T10425,2026-02-28,paid
RP78,T10425,2026-03-30,paid
RP79,T10425,2026-04-29,paid
RP80,T10425,2026-05-29,missed
RP81,T10425,2026-06-28,paid
RP82,T10441,2025-10-31,paid
RP83,T10441,2025-11-30,missed
RP84,T10441,2025-12-30,paid
RP85,T10441,2026-01-29,paid
RP86,T10441,2026-02-28,missed
RP87,T10441,2026-03-30,paid
RP88,T10441,2026-04-29,paid
RP89,T10441,2026-05-29,paid
RP90,T10441,2026-06-28,paid
RP91,T10563,2025-10-31,paid
RP92,T10563,2025-11-30,paid
RP93,T10563,2025-12-30,paid
RP94,T10563,2026-01-29,missed
RP95,T10563,2026-02-28,paid
RP96,T10563,2026-03-30,paid
RP97,T10563,2026-04-29,paid
RP98,T10563,2026-05-29,paid
RP99,T10563,2026-06-28,missed
RP100,T10594,2025-10-31,paid
RP101,T10594,2026-01-30,paid
RP102,T10594,2026-05-01,paid
RP103,T10628,2025-10-31,missed
RP104,T10628,2025-11-30,paid
RP105,T10628,2025-12-30,paid
RP106,T10628,2026-01-29,paid
RP107,T10628,2026-02-28,paid
RP108,T10628,2026-03-30,missed
RP109,T10628,2026-04-29,paid
RP110,T10628,2026-05-29,missed
RP111,T10628,2026-06-28,paid
RP112,T10648,2025-10-31,missed
RP113,T10648,2026-01-30,missed
RP114,T10648,2026-05-01,paid
RP115,T10658,2025-10-31,paid
RP116,T10658,2025-11-30,paid
RP117,T10658,2025-12-30,missed
RP118,T10658,2026-01-29,missed
RP119,T10658,2026-02-28,paid
RP120,T10658,2026-03-30,paid
RP121,T10658,2026-04-29,paid
RP122,T10658,2026-05-29,paid
RP123,T10658,2026-06-28,paid
RP124,T10703,2025-10-31,paid
RP125,T10703,2026-01-30,paid
RP126,T10703,2026-05-01,paid
RP127,T10705,2025-10-31,paid
RP128,T10705,2026-01-30,paid
RP129,T10705,2026-05-01,paid
RP130,T10737,2025-10-31,paid
RP131,T10737,2025-11-30,paid
RP132,T10737,2025-12-30,paid
RP133,T10737,2026-01-29,paid
RP134,T10737,2026-02-28,paid
RP135,T10737,2026-03-30,missed
RP136,T10737,2026-04-29,paid
RP137,T10737,2026-05-29,paid
RP138,T10737,2026-06-28,paid
RP139,T10747,2025-10-31,paid
RP140,T10747,2025-11-30,missed
RP141,T10747,2025-12-30,paid
RP142,T10747,2026-01-29,paid
RP143,T10747,2026-02-28,paid
RP144,T10747,2026-03-30,missed
RP145,T10747,2026-04-29,paid
RP146,T10747,2026-05-29,paid
RP147,T10747,2026-06-28,paid
RP148,T10794,2025-10-31,missed
RP149,T10794,2025-11-30,paid
RP150,T10794,2025-12-30,paid
RP151,T10794,2026-01-29,paid
RP152,T10794,2026-02-28,missed
RP153,T10794,2026-03-30,paid
RP154,T10794,2026-04-29,paid
RP155,T10794,2026-05-29,paid
RP156,T10794,2026-06-28,paid
RP157,T10799,2025-10-31,paid
RP158,T10799,2026-01-30,missed
RP159,T10799,2026-05-01,paid
RP160,T10805,2025-10-31,paid
RP161,T10805,2025-11-30,missed
RP162,T10805,2025-12-30,paid
RP163,T10805,2026-01-29,missed
RP164,T10805,2026-02-28,paid
RP165,T10805,2026-03-30,missed
RP166,T10805,2026-04-29,paid
RP167,T10805,2026-05-29,paid
RP168,T10805,2026-06-28,paid
RP169,T10822,2025-10-31,paid
RP170,T10822,2025-11-30,paid
RP171,T10822,2025-12-30,missed
RP172,T10822,2026-01-29,missed
RP173,T10822,2026-02-28,paid
RP174,T10822,2026-03-30,missed
RP175,T10822,2026-04-29,paid
RP176,T10822,2026-05-29,paid
RP177,T10822,2026-06-28,paid
RP178,T10868,2025-10-31,paid
RP179,T10868,2026-01-30,paid
RP180,T10868,2026-05-01,paid
RP181,T10930,2025-10-31,paid
RP182,T10930,2026-01-30,paid
RP183,T10930,2026-05-01,paid
RP184,T10993,2025-10-31,paid
RP185,T10993,2026-01-30,missed
RP186,T10993,2026-05-01,paid
RP187,T11020,2025-10-31,paid
RP188,T11020,2026-01-30,paid
RP189,T11020,2026-05-01,paid
RP190,T11216,2025-10-31,paid
RP191,T11216,2025-11-30,paid
RP192,T11216,2025-12-30,paid
RP193,T11216,2026-01-29,paid
RP194,T11216,2026-02-28,missed
RP195,T11216,2026-03-30,paid
RP196,T11216,2026-04-29,paid
RP197,T11216,2026-05-29,paid
RP198,T11216,2026-06-28,paid
RP199,T11277,2025-10-31,missed
RP200,T11277,2026-01-30,paid
RP201,T11277,2026-05-01,paid
RP202,T11303,2025-10-31,paid
RP203,T11303,2025-11-30,paid
RP204,T11303,2025-12-30,paid
RP205,T11303,2026-01-29,missed
RP206,T11303,2026-02-28,paid
RP207,T11303,2026-03-30,paid
RP208,T11303,2026-04-29,paid
RP209,T11303,2026-05-29,paid
RP210,T11303,2026-06-28,paid
RP211,T11307,2025-10-31,missed
RP212,T11307,2026-01-30,missed
RP213,T11307,2026-05-01,paid
RP214,T11339,2025-10-31,paid
RP215,T11339,2025-11-30,paid
RP216,T11339,2025-12-30,paid
RP217,T11339,2026-01-29,paid
RP218,T11339,2026-02-28,paid
RP219,T11339,2026-03-30,missed
RP220,T11339,2026-04-29,paid
RP221,T11339,2026-05-29,paid
RP222,T11339,2026-06-28,paid
RP223,T11364,2025-10-31,paid
RP224,T11364,2026-01-30,paid
RP225,T11364,2026-05-01,paid
RP226,T11410,2025-10-31,missed
RP227,T11410,2025-11-30,missed
RP228,T11410,2025-12-30,paid
RP229,T11410,2026-01-29,missed
RP230,T11410,2026-02-28,paid
RP231,T11410,2026-03-30,paid
RP232,T11410,2026-04-29,paid
RP233,T11410,2026-05-29,missed
RP234,T11410,2026-06-28,paid
RP235,T11413,2025-10-31,missed
RP236,T11413,2026-01-30,missed
RP237,T11413,2026-05-01,paid
RP238,T11414,2025-10-31,missed
RP239,T11414,2025-11-30,missed
RP240,T11414,2025-12-30,paid
RP241,T11414,2026-01-29,missed
RP242,T11414,2026-02-28,paid
RP243,T11414,2026-03-30,paid
RP244,T11414,2026-04-29,paid
RP245,T11414,2026-05-29,paid
RP246,T11414,2026-06-28,paid
RP247,T11421,2025-10-31,paid
RP248,T11421,2026-01-30,paid
RP249,T11421,2026-05-01,paid
RP250,T11472,2025-10-31,paid
RP251,T11472,2025-11-30,paid
RP252,T11472,2025-12-30,paid
RP253,T11472,2026-01-29,paid
RP254,T11472,2026-02-28,paid
RP255,T11472,2026-03-30,missed
RP256,T11472,2026-04-29,paid
RP257,T11472,2026-05-29,missed
RP258,T11472,2026-06-28,missed
RP259,T11477,2025-10-31,paid
RP260,T11477,2026-01-30,paid
RP261,T11477,2026-05-01,paid
RP262,T11488,2025-10-31,missed
RP263,T11488,2026-01-30,paid
RP264,T11488,2026-05-01,paid
RP265,T11498,2025-10-31,missed
RP266,T11498,2026-01-30,paid
RP267,T11498,2026-05-01,paid
RP268,T11509,2025-10-31,paid
RP269,T11509,2026-01-30,paid
RP270,T11509,2026-05-01,missed
RP271,T11597,2025-10-31,missed
RP272,T11597,2025-11-30,paid
RP273,T11597,2025-12-30,missed
RP274,T11597,2026-01-29,paid
RP275,T11597,2026-02-28,paid
RP276,T11597,2026-03-30,paid
RP277,T11597,2026-04-29,missed
RP278,T11597,2026-05-29,paid
RP279,T11597,2026-06-28,paid
RP280,T11615,2025-10-31,missed
RP281,T11615,2026-01-30,missed
RP282,T11615,2026-05-01,paid
RP283,T11617,2025-10-31,paid
RP284,T11617,2025-11-30,paid
RP285,T11617,2025-12-30,missed
RP286,T11617,2026-01-29,paid
RP287,T11617,2026-02-28,paid
RP288,T11617,2026-03-30,paid
RP289,T11617,2026-04-29,paid
RP290,T11617,2026-05-29,paid
RP291,T11617,2026-06-28,paid
RP292,T11641,2025-10-31,paid
RP293,T11641,2025-11-30,paid
RP294,T11641,2025-12-30,paid
RP295,T11641,2026-01-29,missed
RP296,T11641,2026-02-28,paid
RP297,T11641,2026-03-30,paid
RP298,T11641,2026-04-29,paid
RP299,T11641,2026-05-29,paid
RP300,T11641,2026-06-28,paid
RP301,T11693,2025-10-31,paid
RP302,T11693,2025-11-30,paid
RP303,T11693,2025-12-30,paid
RP304,T11693,2026-01-29,paid
RP305,T11693,2026-02-28,paid
RP306,T11693,2026-03-30,paid
RP307,T11693,2026-04-29,paid
RP308,T11693,2026-05-29,paid
RP309,T11693,2026-06-28,paid
RP310,T11700,2025-10-31,paid
RP311,T11700,2025-11-30,paid
RP312,T11700,2025-12-30,paid
RP313,T11700,2026-01-29,paid
RP314,T11700,2026-02-28,paid
RP315,T11700,2026-03-30,missed
RP316,T11700,2026-04-29,paid
RP317,T11700,2026-05-29,paid
RP318,T11700,2026-06-28,paid
RP319,T11723,2025-10-31,missed
RP320,T11723,2025-11-30,missed
RP321,T11723,2025-12-30,paid
RP322,T11723,2026-01-29,paid
RP323,T11723,2026-02-28,paid
RP324,T11723,2026-03-30,paid
RP325,T11723,2026-04-29,missed
RP326,T11723,2026-05-29,missed
RP327,T11723,2026-06-28,missed
RP328,T11735,2025-10-31,paid
RP329,T11735,2026-01-30,paid
RP330,T11735,2026-05-01,missed
RP331,T11757,2025-10-31,paid
RP332,T11757,2026-01-30,paid
RP333,T11757,2026-05-01,paid
RP334,T11767,2025-10-31,paid
RP335,T11767,2026-01-30,missed
RP336,T11767,2026-05-01,missed
RP337,T11777,2025-10-31,paid
RP338,T11777,2025-11-30,missed
RP339,T11777,2025-12-30,paid
RP340,T11777,2026-01-29,paid
RP341,T11777,2026-02-28,missed
RP342,T11777,2026-03-30,paid
RP343,T11777,2026-04-29,paid
RP344,T11777,2026-05-29,paid
RP345,T11777,2026-06-28,paid
RP346,T11778,2025-10-31,missed
RP347,T11778,2025-11-30,paid
RP348,T11778,2025-12-30,missed
RP349,T11778,2026-01-29,paid
RP350,T11778,2026-02-28,missed
RP351,T11778,2026-03-30,paid
RP352,T11778,2026-04-29,paid
RP353,T11778,2026-05-29,missed
RP354,T11778,2026-06-28,paid
RP355,T11843,2025-10-31,missed
RP356,T11843,2026-01-30,paid
RP357,T11843,2026-05-01,paid
RP358,T11869,2025-10-31,paid
RP359,T11869,2025-11-30,paid
RP360,T11869,2025-12-30,paid
RP361,T11869,2026-01-29,missed
RP362,T11869,2026-02-28,paid
RP363,T11869,2026-03-30,paid
RP364,T11869,2026-04-29,paid
RP365,T11869,2026-05-29,paid
RP366,T11869,2026-06-28,missed
RP367,T11899,2025-10-31,paid
RP368,T11899,2025-11-30,paid
RP369,T11899,2025-12-30,paid
RP370,T11899,2026-01-29,paid
RP371,T11899,2026-02-28,paid
RP372,T11899,2026-03-30,paid
RP373,T11899,2026-04-29,paid
RP374,T11899,2026-05-29,paid
RP375,T11899,2026-06-28,missed
RP376,T11987,2025-10-31,missed
RP377,T11987,2025-11-30,paid
RP378,T11987,2025-12-30,missed
RP379,T11987,2026-01-29,paid
RP380,T11987,2026-02-28,paid
RP381,T11987,2026-03-30,paid
RP382,T11987,2026-04-29,paid
RP383,T11987,2026-05-29,paid
RP384,T11987,2026-06-28,missed
RP385,T12008,2025-10-31,paid
RP386,T12008,2025-11-30,missed
RP387,T12008,2025-12-30,missed
RP388,T12008,2026-01-29,paid
RP389,T12008,2026-02-28,paid
RP390,T12008,2026-03-30,missed
RP391,T12008,2026-04-29,missed
RP392,T12008,2026-05-29,paid
RP393,T12008,2026-06-28,missed
RP394,T12030,2025-10-31,missed
RP395,T12030,2025-11-30,missed
RP396,T12030,2025-12-30,missed
RP397,T12030,2026-01-29,paid
RP398,T12030,2026-02-28,paid
RP399,T12030,2026-03-30,paid
RP400,T12030,2026-04-29,paid
RP401,T12030,2026-05-29,paid
RP402,T12030,2026-06-28,paid
RP403,T12078,2025-10-31,paid
RP404,T12078,2025-11-30,paid
RP405,T12078,2025-12-30,paid
RP406,T12078,2026-01-29,paid
RP407,T12078,2026-02-28,missed
RP408,T12078,2026-03-30,paid
RP409,T12078,2026-04-29,paid
RP410,T12078,2026-05-29,paid
RP411,T12078,2026-06-28,missed
RP412,T12122,2025-10-31,paid
RP413,T12122,2025-11-30,paid
RP414,T12122,2025-12-30,paid
RP415,T12122,2026-01-29,paid
RP416,T12122,2026-02-28,paid
RP417,T12122,2026-03-30,missed
RP418,T12122,2026-04-29,paid
RP419,T12122,2026-05-29,paid
RP420,T12122,2026-06-28,paid
RP421,T12141,2025-10-31,paid
RP422,T12141,2026-01-30,paid
RP423,T12141,2026-05-01,paid
RP424,T12174,2025-10-31,paid
RP425,T12174,2026-01-30,missed
RP426,T12174,2026-05-01,paid
RP427,T12201,2025-10-31,paid
RP428,T12201,2025-11-30,paid
RP429,T12201,2025-12-30,paid
RP430,T12201,2026-01-29,paid
RP431,T12201,2026-02-28,paid
RP432,T12201,2026-03-30,paid
RP433,T12201,2026-04-29,paid
RP434,T12201,2026-05-29,paid
RP435,T12201,2026-06-28,paid
RP436,T12204,2025-10-31,paid
RP437,T12204,2025-11-30,missed
RP438,T12204,2025-12-30,missed
RP439,T12204,2026-01-29,paid
RP440,T12204,2026-02-28,paid
RP441,T12204,2026-03-30,missed
RP442,T12204,2026-04-29,paid
RP443,T12204,2026-05-29,paid
RP444,T12204,2026-06-28,paid
RP445,T12213,2025-10-31,missed
RP446,T12213,2025-11-30,paid
RP447,T12213,2025-12-30,paid
RP448,T12213,2026-01-29,paid
RP449,T12213,2026-02-28,paid
RP450,T12213,2026-03-30,paid
RP451,T12213,2026-04-29,missed
RP452,T12213,2026-05-29,missed
RP453,T12213,2026-06-28,paid
RP454,T12229,2025-10-31,missed
RP455,T12229,2025-11-30,missed
RP456,T12229,2025-12-30,paid
RP457,T12229,2026-01-29,paid
RP458,T12229,2026-02-28,paid
RP459,T12229,2026-03-30,paid
RP460,T12229,2026-04-29,paid
RP461,T12229,2026-05-29,paid
RP462,T12229,2026-06-28,paid
RP463,T12269,2025-10-31,missed
RP464,T12269,2026-01-30,paid
RP465,T12269,2026-05-01,paid
RP466,T12302,2025-10-31,paid
RP467,T12302,2026-01-30,paid
RP468,T12302,2026-05-01,paid
RP469,T12349,2025-10-31,paid
RP470,T12349,2026-01-30,paid
RP471,T12349,2026-05-01,paid
RP472,T12531,2025-10-31,paid
RP473,T12531,2026-01-30,paid
RP474,T12531,2026-05-01,paid
RP475,T12605,2025-10-31,paid
RP476,T12605,2025-11-30,paid
RP477,T12605,2025-12-30,paid
RP478,T12605,2026-01-29,paid
RP479,T12605,2026-02-28,paid
RP480,T12605,2026-03-30,paid
RP481,T12605,2026-04-29,paid
RP482,T12605,2026-05-29,missed
RP483,T12605,2026-06-28,paid
RP484,T12680,2025-10-31,paid
RP485,T12680,2026-01-30,paid
RP486,T12680,2026-05-01,paid
RP487,T12688,2025-10-31,paid
RP488,T12688,2025-11-30,paid
RP489,T12688,2025-12-30,paid
RP490,T12688,2026-01-29,missed
RP491,T12688,2026-02-28,missed
RP492,T12688,2026-03-30,missed
RP493,T12688,2026-04-29,paid
RP494,T12688,2026-05-29,paid
RP495,T12688,2026-06-28,paid
RP496,T12718,2025-10-31,paid
RP497,T12718,2026-01-30,missed
RP498,T12718,2026-05-01,paid
RP499,T12727,2025-10-31,paid
RP500,T12727,2026-01-30,missed
RP501,T12727,2026-05-01,paid
RP502,T12831,2025-10-31,paid
RP503,T12831,2026-01-30,paid
RP504,T12831,2026-05-01,paid
RP505,T12834,2025-10-31,paid
RP506,T12834,2026-01-30,missed
RP507,T12834,2026-05-01,paid
RP508,T12864,2025-10-31,missed
RP509,T12864,2026-01-30,paid
RP510,T12864,2026-05-01,paid
RP511,T12879,2025-10-31,missed
RP512,T12879,2026-01-30,paid
RP513,T12879,2026-05-01,paid
RP514,T12934,2025-10-31,paid
RP515,T12934,2026-01-30,paid
RP516,T12934,2026-05-01,missed
RP517,T12950,2025-10-31,missed
RP518,T12950,2026-01-30,missed
RP519,T12950,2026-05-01,missed
RP520,T13001,2025-10-31,paid
RP521,T13001,2025-11-30,paid
RP522,T13001,2025-12-30,paid
RP523,T13001,2026-01-29,missed
RP524,T13001,2026-02-28,paid
RP525,T13001,2026-03-30,paid
RP526,T13001,2026-04-29,paid
RP527,T13001,2026-05-29,paid
RP528,T13001,2026-06-28,paid
RP529,T13042,2025-10-31,paid
RP530,T13042,2025-11-30,paid
RP531,T13042,2025-12-30,paid
RP532,T13042,2026-01-29,paid
RP533,T13042,2026-02-28,paid
RP534,T13042,2026-03-30,paid
RP535,T13042,2026-04-29,paid
RP536,T13042,2026-05-29,paid
RP537,T13042,2026-06-28,paid
RP538,T13097,2025-10-31,paid
RP539,T13097,2025-11-30,paid
RP540,T13097,2025-12-30,paid
RP541,T13097,2026-01-29,missed
RP542,T13097,2026-02-28,missed
RP543,T13097,2026-03-30,paid
RP544,T13097,2026-04-29,missed
RP545,T13097,2026-05-29,paid
RP546,T13097,2026-06-28,paid
RP547,T13103,2025-10-31,missed
RP548,T13103,2025-11-30,paid
RP549,T13103,2025-12-30,paid
RP550,T13103,2026-01-29,missed
RP551,T13103,2026-02-28,missed
RP552,T13103,2026-03-30,paid
RP553,T13103,2026-04-29,paid
RP554,T13103,2026-05-29,missed
RP555,T13103,2026-06-28,paid
RP556,T13104,2025-10-31,paid
RP557,T13104,2026-01-30,paid
RP558,T13104,2026-05-01,missed
RP559,T13180,2025-10-31,missed
RP560,T13180,2025-11-30,missed
RP561,T13180,2025-12-30,missed
RP562,T13180,2026-01-29,missed
RP563,T13180,2026-02-28,paid
RP564,T13180,2026-03-30,paid
RP565,T13180,2026-04-29,missed
RP566,T13180,2026-05-29,missed
RP567,T13180,2026-06-28,paid
RP568,T13186,2025-10-31,paid
RP569,T13186,2025-11-30,missed
RP570,T13186,2025-12-30,paid
RP571,T13186,2026-01-29,paid
RP572,T13186,2026-02-28,paid
RP573,T13186,2026-03-30,paid
RP574,T13186,2026-04-29,paid
RP575,T13186,2026-05-29,paid
RP576,T13186,2026-06-28,missed
RP577,T13219,2025-10-31,paid
RP578,T13219,2025-11-30,paid
RP579,T13219,2025-12-30,paid
RP580,T13219,2026-01-29,paid
RP581,T13219,2026-02-28,paid
RP582,T13219,2026-03-30,paid
RP583,T13219,2026-04-29,paid
RP584,T13219,2026-05-29,paid
RP585,T13219,2026-06-28,paid
RP586,T13265,2025-10-31,paid
RP587,T13265,2026-01-30,missed
RP588,T13265,2026-05-01,paid
RP589,T13290,2025-10-31,paid
RP590,T13290,2025-11-30,paid
RP591,T13290,2025-12-30,paid
RP592,T13290,2026-01-29,paid
RP593,T13290,2026-02-28,paid
RP594,T13290,2026-03-30,paid
RP595,T13290,2026-04-29,paid
RP596,T13290,2026-05-29,missed
RP597,T13290,2026-06-28,missed
RP598,T13361,2025-10-31,missed
RP599,T13361,2025-11-30,paid
RP600,T13361,2025-12-30,paid
RP601,T13361,2026-01-29,missed
RP602,T13361,2026-02-28,paid
RP603,T13361,2026-03-30,missed
RP604,T13361,2026-04-29,paid
RP605,T13361,2026-05-29,missed
RP606,T13361,2026-06-28,paid
RP607,T13400,2025-10-31,paid
RP608,T13400,2025-11-30,paid
RP609,T13400,2025-12-30,paid
RP610,T13400,2026-01-29,paid
RP611,T13400,2026-02-28,paid
RP612,T13400,2026-03-30,missed
RP613,T13400,2026-04-29,missed
RP614,T13400,2026-05-29,paid
RP615,T13400,2026-06-28,missed
RP616,T13443,2025-10-31,paid
RP617,T13443,2025-11-30,paid
RP618,T13443,2025-12-30,paid
RP619,T13443,2026-01-29,missed
RP620,T13443,2026-02-28,paid
RP621,T13443,2026-03-30,paid
RP622,T13443,2026-04-29,paid
RP623,T13443,2026-05-29,paid
RP624,T13443,2026-06-28,paid
RP625,T13481,2025-10-31,paid
RP626,T13481,2025-11-30,paid
RP627,T13481,2025-12-30,paid
RP628,T13481,2026-01-29,paid
RP629,T13481,2026-02-28,paid
RP630,T13481,2026-03-30,paid
RP631,T13481,2026-04-29,paid
RP632,T13481,2026-05-29,missed
RP633,T13481,2026-06-28,paid
RP634,T13487,2025-10-31,paid
RP635,T13487,2025-11-30,paid
RP636,T13487,2025-12-30,paid
RP637,T13487,2026-01-29,missed
RP638,T13487,2026-02-28,paid
RP639,T13487,2026-03-30,paid
RP640,T13487,2026-04-29,paid
RP641,T13487,2026-05-29,missed
RP642,T13487,2026-06-28,missed
RP643,T13610,2025-10-31,paid
RP644,T13610,2025-11-30,paid
RP645,T13610,2025-12-30,paid
RP646,T13610,2026-01-29,missed
RP647,T13610,2026-02-28,paid
RP648,T13610,2026-03-30,paid
RP649,T13610,2026-04-29,paid
RP650,T13610,2026-05-29,paid
RP651,T13610,2026-06-28,paid
RP652,T13612,2025-10-31,paid
RP653,T13612,2025-11-30,paid
RP654,T13612,2025-12-30,paid
RP655,T13612,2026-01-29,missed
RP656,T13612,2026-02-28,paid
RP657,T13612,2026-03-30,paid
RP658,T13612,2026-04-29,missed
RP659,T13612,2026-05-29,paid
RP660,T13612,2026-06-28,paid
RP661,T13613,2025-10-31,paid
RP662,T13613,2026-01-30,paid
RP663,T13613,2026-05-01,missed
RP664,T13648,2025-10-31,paid
RP665,T13648,2025-11-30,paid
RP666,T13648,2025-12-30,paid
RP667,T13648,2026-01-29,paid
RP668,T13648,2026-02-28,missed
RP669,T13648,2026-03-30,paid
RP670,T13648,2026-04-29,missed
RP671,T13648,2026-05-29,missed
RP672,T13648,2026-06-28,paid
RP673,T13771,2025-10-31,paid
RP674,T13771,2025-11-30,paid
RP675,T13771,2025-12-30,missed
RP676,T13771,2026-01-29,missed
RP677,T13771,2026-02-28,missed
RP678,T13771,2026-03-30,paid
RP679,T13771,2026-04-29,missed
RP680,T13771,2026-05-29,missed
RP681,T13771,2026-06-28,missed
RP682,T13772,2025-10-31,paid
RP683,T13772,2025-11-30,paid
RP684,T13772,2025-12-30,paid
RP685,T13772,2026-01-29,missed
RP686,T13772,2026-02-28,paid
RP687,T13772,2026-03-30,paid
RP688,T13772,2026-04-29,paid
RP689,T13772,2026-05-29,paid
RP690,T13772,2026-06-28,paid
RP691,T13775,2025-10-31,paid
RP692,T13775,2025-11-30,paid
RP693,T13775,2025-12-30,paid
RP694,T13775,2026-01-29,missed
RP695,T13775,2026-02-28,paid
RP696,T13775,2026-03-30,paid
RP697,T13775,2026-04-29,missed
RP698,T13775,2026-05-29,paid
RP699,T13775,2026-06-28,paid
RP700,T13781,2025-10-31,paid
RP701,T13781,2026-01-30,paid
RP702,T13781,2026-05-01,paid
RP703,T13787,2025-10-31,paid
RP704,T13787,2025-11-30,missed
RP705,T13787,2025-12-30,paid
RP706,T13787,2026-01-29,missed
RP707,T13787,2026-02-28,paid
RP708,T13787,2026-03-30,paid
RP709,T13787,2026-04-29,paid
RP710,T13787,2026-05-29,paid
RP711,T13787,2026-06-28,paid
RP712,T13812,2025-10-31,paid
RP713,T13812,2025-11-30,missed
RP714,T13812,2025-12-30,paid
RP715,T13812,2026-01-29,paid
RP716,T13812,2026-02-28,paid
RP717,T13812,2026-03-30,paid
RP718,T13812,2026-04-29,paid
RP719,T13812,2026-05-29,paid
RP720,T13812,2026-06-28,missed
RP721,T13897,2025-10-31,paid
RP722,T13897,2025-11-30,missed
RP723,T13897,2025-12-30,paid
RP724,T13897,2026-01-29,paid
RP725,T13897,2026-02-28,missed
RP726,T13897,2026-03-30,missed
RP727,T13897,2026-04-29,paid
RP728,T13897,2026-05-29,missed
RP729,T13897,2026-06-28,missed
RP730,T13947,2025-10-31,paid
RP731,T13947,2025-11-30,paid
RP732,T13947,2025-12-30,paid
RP733,T13947,2026-01-29,missed
RP734,T13947,2026-02-28,paid
RP735,T13947,2026-03-30,paid
RP736,T13947,2026-04-29,missed
RP737,T13947,2026-05-29,paid
RP738,T13947,2026-06-28,paid
RP739,T13948,2025-10-31,paid
RP740,T13948,2025-11-30,paid
RP741,T13948,2025-12-30,paid
RP742,T13948,2026-01-29,paid
RP743,T13948,2026-02-28,missed
RP744,T13948,2026-03-30,missed
RP745,T13948,2026-04-29,paid
RP746,T13948,2026-05-29,paid
RP747,T13948,2026-06-28,paid
RP748,T13950,2025-10-31,paid
RP749,T13950,2025-11-30,paid
RP750,T13950,2025-12-30,missed
RP751,T13950,2026-01-29,paid
RP752,T13950,2026-02-28,paid
RP753,T13950,2026-03-30,missed
RP754,T13950,2026-04-29,paid
RP755,T13950,2026-05-29,paid
RP756,T13950,2026-06-28,paid
RP757,T13972,2025-10-31,missed
RP758,T13972,2026-01-30,paid
RP759,T13972,2026-05-01,missed
RP760,T13985,2025-10-31,paid
RP761,T13985,2025-11-30,paid
RP762,T13985,2025-12-30,paid
RP763,T13985,2026-01-29,paid
RP764,T13985,2026-02-28,paid
RP765,T13985,2026-03-30,missed
RP766,T13985,2026-04-29,paid
RP767,T13985,2026-05-29,paid
RP768,T13985,2026-06-28,paid
RP769,T14059,2025-10-31,paid
RP770,T14059,2025-11-30,paid
RP771,T14059,2025-12-30,paid
RP772,T14059,2026-01-29,paid
RP773,T14059,2026-02-28,paid
RP774,T14059,2026-03-30,paid
RP775,T14059,2026-04-29,paid
RP776,T14059,2026-05-29,paid
RP777,T14059,2026-06-28,paid
RP778,T14099,2025-10-31,paid
RP779,T14099,2025-11-30,paid
RP780,T14099,2025-12-30,paid
RP781,T14099,2026-01-29,paid
RP782,T14099,2026-02-28,missed
RP783,T14099,2026-03-30,missed
RP784,T14099,2026-04-29,paid
RP785,T14099,2026-05-29,paid
RP786,T14099,2026-06-28,missed
RP787,T14134,2025-10-31,paid
RP788,T14134,2025-11-30,paid
RP789,T14134,2025-12-30,missed
RP790,T14134,2026-01-29,paid
RP791,T14134,2026-02-28,paid
RP792,T14134,2026-03-30,paid
RP793,T14134,2026-04-29,paid
RP794,T14134,2026-05-29,paid
RP795,T14134,2026-06-28,paid
RP796,T14152,2025-10-31,paid
RP797,T14152,2026-01-30,missed
RP798,T14152,2026-05-01,paid
RP799,T14262,2025-10-31,paid
RP800,T14262,2026-01-30,paid
RP801,T14262,2026-05-01,paid
RP802,T14308,2025-10-31,missed
RP803,T14308,2025-11-30,paid
RP804,T14308,2025-12-30,paid
RP805,T14308,2026-01-29,paid
RP806,T14308,2026-02-28,paid
RP807,T14308,2026-03-30,paid
RP808,T14308,2026-04-29,paid
RP809,T14308,2026-05-29,missed
RP810,T14308,2026-06-28,paid
RP811,T14311,2025-10-31,missed
RP812,T14311,2025-11-30,paid
RP813,T14311,2025-12-30,paid
RP814,T14311,2026-01-29,missed
RP815,T14311,2026-02-28,paid
RP816,T14311,2026-03-30,paid
RP817,T14311,2026-04-29,missed
RP818,T14311,2026-05-29,paid
RP819,T14311,2026-06-28,paid
RP820,T14401,2025-10-31,missed
RP821,T14401,2025-11-30,paid
RP822,T14401,2025-12-30,paid
RP823,T14401,2026-01-29,missed
RP824,T14401,2026-02-28,paid
RP825,T14401,2026-03-30,paid
RP826,T14401,2026-04-29,missed
RP827,T14401,2026-05-29,paid
RP828,T14401,2026-06-28,missed
RP829,T14423,2025-10-31,paid
RP830,T14423,2026-01-30,paid
RP831,T14423,2026-05-01,paid
RP832,T14455,2025-10-31,paid
RP833,T14455,2025-11-30,missed
RP834,T14455,2025-12-30,paid
RP835,T14455,2026-01-29,paid
RP836,T14455,2026-02-28,paid
RP837,T14455,2026-03-30,missed
RP838,T14455,2026-04-29,paid
RP839,T14455,2026-05-29,paid
RP840,T14455,2026-06-28,paid
RP841,T14475,2025-10-31,missed
RP842,T14475,2025-11-30,paid
RP843,T14475,2025-12-30,paid
RP844,T14475,2026-01-29,paid
RP845,T14475,2026-02-28,missed
RP846,T14475,2026-03-30,missed
RP847,T14475,2026-04-29,paid
RP848,T14475,2026-05-29,paid
RP849,T14475,2026-06-28,paid
RP850,T14494,2025-10-31,missed
RP851,T14494,2025-11-30,paid
RP852,T14494,2025-12-30,paid
RP853,T14494,2026-01-29,paid
RP854,T14494,2026-02-28,paid
RP855,T14494,2026-03-30,paid
RP856,T14494,2026-04-29,paid
RP857,T14494,2026-05-29,missed
RP858,T14494,2026-06-28,paid
RP859,T14529,2025-10-31,missed
RP860,T14529,2025-11-30,paid
RP861,T14529,2025-12-30,paid
RP862,T14529,2026-01-29,paid
RP863,T14529,2026-02-28,missed
RP864,T14529,2026-03-30,paid
RP865,T14529,2026-04-29,paid
RP866,T14529,2026-05-29,paid
RP867,T14529,2026-06-28,missed
RP868,T14567,2025-10-31,paid
RP869,T14567,2026-01-30,paid
RP870,T14567,2026-05-01,paid
