consent_id,policy_no,request_date,status,status_date
TAX1,T10001,2026-02-10,pending_signature,2026-02-10
TAX2,T10003,2026-01-29,pending_signature,2026-01-29
TAX3,T10006,2026-04-20,active,2026-04-28
TAX4,T10010,2025-12-05,active,2025-12-16
TAX5,T10011,2026-06-06,pending_signature,2026-06-06
TAX6,T10014,2026-02-26,active,2026-02-27
TAX7,T10019,2025-12-25,expired,2026-01-24
TAX8,T10020,2026-06-16,active,2026-06-18
TAX9,T10021,2025-10-22,active,2025-11-03
TAX10,T10025,2026-01-29,pending_signature,2026-01-29
TAX11,T10026,2026-04-03,active,2026-04-12
TAX12,T10027,2025-11-08,pending_signature,2025-11-08
TAX13,T10028,2025-11-05,pending_signature,2025-11-05
TAX14,T10033,2025-12-01,expired,2025-12-31
TAX15,T10037,2026-02-20,active,2026-02-21
TAX16,T10039,2025-09-30,active,2025-10-10
TAX17,T10040,2025-12-20,active,2025-12-27
TAX18,T10041,2025-12-26,pending_signature,2025-12-26
TAX19,T10042,2026-06-17,active,2026-06-24
TAX20,T10043,2025-12-27,active,2026-01-02
TAX21,T10047,2026-04-02,active,2026-04-08
TAX22,T10050,2025-11-11,active,2025-11-24
TAX23,T10060,2026-05-27,active,2026-06-01
TAX24,T10061,2026-05-06,active,2026-05-09
TAX25,T10065,2026-02-06,pending_signature,2026-02-06
TAX26,T10066,2026-01-15,active,2026-01-27
TAX27,T10069,2025-11-02,pending_signature,2025-11-02
TAX28,T10070,2025-11-04,active,2025-11-14
TAX29,T10075,2025-12-04,pending_signature,2025-12-04
TAX30,T10080,2026-05-06,active,2026-05-14
TAX31,T10093,2026-06-26,expired,2026-07-26
TAX32,T10094,2026-05-16,pending_signature,2026-05-16
TAX33,T10096,2026-02-25,active,2026-03-08
TAX34,T10098,2025-12-21,pending_signature,2025-12-21
TAX35,T10100,2026-06-02,expired,2026-07-02
TAX36,T10103,2026-03-15,active,2026-03-27
TAX37,T10109,2026-03-10,active,2026-03-22
TAX38,T10110,2026-02-05,pending_signature,2026-02-05
TAX39,T10111,2026-05-04,expired,2026-06-03
TAX40,T10112,2025-10-09,pending_signature,2025-10-09
TAX41,T10113,2026-04-27,expired,2026-05-27
TAX42,T10119,2025-12-05,pending_signature,2025-12-05
TAX43,T10122,2026-05-24,pending_signature,2026-05-24
TAX44,T10128,2026-06-09,active,2026-06-13
TAX45,T10130,2025-11-25,active,2025-12-08
TAX46,T10133,2026-03-09,pending_signature,2026-03-09
TAX47,T10134,2026-05-31,active,2026-06-01
TAX48,T10137,2026-06-14,active,2026-06-25
TAX49,T10138,2026-02-05,active,2026-02-09
TAX50,T10139,2025-11-22,pending_signature,2025-11-22
TAX51,T10145,2025-11-10,expired,2025-12-10
TAX52,T10146,2026-02-18,pending_signature,2026-02-18
TAX53,T10152,2026-01-14,expired,2026-02-13
TAX54,T10153,2026-01-27,expired,2026-02-26
TAX55,T10154,2026-06-11,expired,2026-07-11
TAX56,T10156,2026-03-04,active,2026-03-07
TAX57,T10159,2025-11-28,active,2025-12-07
TAX58,T10161,2026-02-09,active,2026-02-19
TAX59,T10166,2025-11-16,active,2025-11-23
TAX60,T10168,2026-01-15,pending_signature,2026-01-15
TAX61,T10170,2026-05-18,active,2026-05-22
TAX62,T10172,2026-01-30,active,2026-02-03
TAX63,T10173,2026-04-23,active,2026-04-24
TAX64,T10179,2025-12-02,pending_signature,2025-12-02
TAX65,T10186,2026-03-08,active,2026-03-14
TAX66,T10190,2026-04-16,pending_signature,2026-04-16
TAX67,T10195,2026-05-20,active,2026-05-28
TAX68,T10198,2026-01-24,active,2026-01-28
TAX69,T10203,2026-01-10,active,2026-01-17
TAX70,T10221,2026-05-11,pending_signature,2026-05-11
TAX71,T10227,2026-01-08,pending_signature,2026-01-08
TAX72,T10228,2025-10-11,active,2025-10-13
TAX73,T10234,2026-05-01,active,2026-05-13
TAX74,T10236,2026-02-08,pending_signature,2026-02-08
TAX75,T10238,2025-11-18,expired,2025-12-18
TAX76,T10247,2026-01-21,pending_signature,2026-01-21
TAX77,T10258,2026-03-13,expired,2026-04-12
TAX78,T10260,2025-11-06,active,2025-11-09
TAX79,T10264,2026-04-08,pending_signature,2026-04-08
TAX80,T10266,2025-12-04,active,2025-12-17
TAX81,T10267,2026-05-20,active,2026-05-28
TAX82,T10269,2026-03-12,active,2026-03-21
TAX83,T10270,2025-10-14,active,2025-10-27
TAX84,T10273,2025-10-11,pending_signature,2025-10-11
TAX85,T10274,2025-11-24,active,2025-11-28
TAX86,T10275,2025-10-13,active,2025-10-23
TAX87,T10280,2026-01-23,pending_signature,2026-01-23
TAX88,T10285,2026-03-26,active,2026-04-02
TAX89,T10295,2025-09-30,pending_signature,2025-09-30
TAX90,T10313,2026-03-24,active,2026-03-29
TAX91,T10317,2025-10-14,pending_signature,2025-10-14
TAX92,T10322,2026-04-20,pending_signature,2026-04-20
TAX93,T10324,2026-04-23,active,2026-05-03
TAX94,T10327,2026-02-15,active,2026-02-26
TAX95,T10328,2026-06-24,active,2026-06-28
TAX96,T10333,2025-10-25,active,2025-10-28
TAX97,T10334,2026-06-12,pending_signature,2026-06-12
TAX98,T10338,2026-03-16,active,2026-03-27
TAX99,T10340,2026-02-05,active,2026-02-06
TAX100,T10341,2026-01-07,active,2026-01-09
TAX101,T10353,2025-10-21,active,2025-10-30
TAX102,T10354,2026-02-18,active,2026-02-22
TAX103,T10355,2026-05-26,pending_signature,2026-05-26
TAX104,T10366,2026-06-24,active,2026-06-26
TAX105,T10368,2026-06-07,expired,2026-07-07
TAX106,T10370,2025-10-14,active,2025-10-16
TAX107,T10371,2026-06-20,expired,2026-07-20
TAX108,T10379,2026-05-11,expired,2026-06-10
TAX109,T10389,2025-12-05,active,2025-12-13
TAX110,T10391,2025-12-29,expired,2026-01-28
TAX111,T10402,2025-10-13,pending_signature,2025-10-13
TAX112,T10405,2026-03-10,active,2026-03-14
TAX113,T10412,2026-02-19,pending_signature,2026-02-19
TAX114,T10413,2025-12-16,expired,2026-01-15
TAX115,T10420,2025-12-20,pending_signature,2025-12-20
TAX116,T10431,2026-02-25,pending_signature,2026-02-25
TAX117,T10433,2025-12-11,active,2025-12-21
TAX118,T10442,2026-04-22,pending_signature,2026-04-22
TAX119,T10444,2026-02-06,active,2026-02-08
TAX120,T10449,2025-10-24,pending_signature,2025-10-24
TAX121,T10454,2026-03-25,active,2026-04-06
TAX122,T10456,2026-01-26,active,2026-01-30
TAX123,T10457,2026-04-03,active,2026-04-09
TAX124,T10458,2026-01-05,active,2026-01-13
TAX125,T10460,2026-06-10,active,2026-06-20
TAX126,T10462,2026-02-10,active,2026-02-14
TAX127,T10465,2025-10-08,pending_signature,2025-10-08
TAX128,T10467,2026-01-14,active,2026-01-17
TAX129,T10468,2026-03-16,expired,2026-04-15
TAX130,T10469,2026-03-18,active,2026-03-29
TAX131,T10473,2025-10-20,active,2025-11-02
TAX132,T10477,2025-11-05,active,2025-11-11
TAX133,T10481,2026-02-07,active,2026-02-15
TAX134,T10486,2026-05-03,active,2026-05-07
TAX135,T10489,2026-04-24,pending_signature,2026-04-24
TAX136,T10491,2025-12-21,active,2025-12-26
TAX137,T10496,2025-12-19,pending_signature,2025-12-19
TAX138,T10498,2025-10-05,pending_signature,2025-10-05
TAX139,T10502,2026-05-21,active,2026-05-23
TAX140,T10507,2026-02-02,active,2026-02-12
TAX141,T10509,2025-11-28,active,2025-12-09
TAX142,T10511,2025-11-25,active,2025-12-02
TAX143,T10514,2026-03-24,active,2026-03-28
TAX144,T10515,2025-12-31,active,2026-01-12
TAX145,T10516,2026-02-16,active,2026-02-19
TAX146,T10520,2025-10-03,active,2025-10-06
TAX147,T10522,2025-12-30,pending_signature,2025-12-30
TAX148,T10526,2025-11-29,expired,2025-12-29
TAX149,T10528,2025-10-02,active,2025-10-11
TAX150,T10532,2026-06-19,active,2026-06-30
TAX151,T10533,2026-02-12,active,2026-02-17
TAX152,T10539,2026-04-17,active,2026-04-29
TAX153,T10543,2025-10-05,pending_signature,2025-10-05
TAX154,T10545,2026-06-14,pending_signature,2026-06-14
TAX155,T10546,2025-11-20,active,2025-11-27
TAX156,T10547,2026-06-12,pending_signature,2026-06-12
TAX157,T10551,2026-02-10,active,2026-02-15
TAX158,T10552,2025-12-13,active,2025-12-16
TAX159,T10557,2025-12-09,pending_signature,2025-12-09
TAX160,T10558,2025-12-16,active,2025-12-25
TAX161,T10571,2026-06-20,pending_signature,2026-06-20
TAX162,T10573,2025-11-28,active,2025-12-04
TAX163,T10574,2026-03-02,active,2026-03-04
TAX164,T10577,2026-03-14,active,2026-03-23
TAX165,T10578,2026-02-02,pending_signature,2026-02-02
TAX166,T10582,2026-01-05,active,2026-01-15
TAX167,T10583,2025-12-18,active,2025-12-20
TAX168,T10585,2026-01-26,pending_signature,2026-01-26
TAX169,T10588,2026-03-14,pending_signature,2026-03-14
TAX170,T10594,2025-12-06,pending_signature,2025-12-06
TAX171,T10597,2026-01-31,active,2026-02-12
TAX172,T10598,2025-11-28,active,2025-12-07
TAX173,T10602,2026-04-11,pending_signature,2026-04-11
TAX174,T10609,2025-12-10,active,2025-12-20
TAX175,T10612,2026-01-26,active,2026-02-02
TAX176,T10614,2026-02-23,active,2026-03-04
TAX177,T10616,2026-01-04,active,2026-01-09
TAX178,T10617,2025-11-18,active,2025-11-19
TAX179,T10619,2026-05-31,active,2026-06-07
TAX180,T10620,2026-04-26,expired,2026-05-26
TAX181,T10621,2026-01-09,active,2026-01-14
TAX182,T10625,2026-01-16,active,2026-01-25
TAX183,T10626,2026-01-07,active,2026-01-19
TAX184,T10627,2026-05-05,pending_signature,2026-05-05
TAX185,T10629,2026-01-06,active,2026-01-16
TAX186,T10630,2026-01-26,active,2026-02-03
TAX187,T10634,2025-11-21,pending_signature,2025-11-21
TAX188,T10641,2026-04-02,active,2026-04-14
TAX189,T10648,2026-04-29,pending_signature,2026-04-29
TAX190,T10649,2025-10-21,pending_signature,2025-10-21
TAX191,T10651,2026-04-18,pending_signature,2026-04-18
TAX192,T10652,2026-03-25,pending_signature,2026-03-25
TAX193,T10653,2026-03-03,active,2026-03-10
TAX194,T10654,2026-02-21,expired,2026-03-23
TAX195,T10655,2026-03-01,active,2026-03-05
TAX196,T10657,2025-10-28,active,2025-11-05
TAX197,T10665,2025-10-28,expired,2025-11-27
TAX198,T10668,2025-11-26,active,2025-12-05
TAX199,T10671,2025-12-05,pending_signature,2025-12-05
TAX200,T10676,2026-01-25,active,2026-02-05
TAX201,T10683,2025-12-21,pending_signature,2025-12-21
TAX202,T10690,2025-12-23,active,2025-12-28
TAX203,T10691,2025-10-16,active,2025-10-17
TAX204,T10692,2026-05-31,pending_signature,2026-05-31
TAX205,T10697,2026-03-31,expired,2026-04-30
TAX206,T10698,2026-02-04,active,2026-02-06
TAX207,T10700,2025-10-10,active,2025-10-17
TAX208,T10701,2026-04-28,active,2026-05-09
TAX209,T10704,2026-01-02,active,2026-01-13
TAX210,T10711,2026-04-13,active,2026-04-19
TAX211,T10717,2026-02-25,active,2026-03-05
TAX212,T10718,2026-01-24,active,2026-01-26
TAX213,T10720,2026-06-02,pending_signature,2026-06-02
TAX214,T10722,2026-03-30,active,2026-04-07
TAX215,T10723,2026-03-04,active,2026-03-05
TAX216,T10727,2025-12-19,active,2025-12-22
TAX217,T10728,2026-01-18,active,2026-01-20
TAX218,T10729,2025-12-01,active,2025-12-12
TAX219,T10730,2026-05-03,active,2026-05-04
TAX220,T10732,2026-05-15,expired,2026-06-14
TAX221,T10734,2026-06-11,active,2026-06-18
TAX222,T10739,2026-01-24,active,2026-02-06
TAX223,T10741,2026-06-04,active,2026-06-16
TAX224,T10745,2026-02-28,active,2026-03-09
TAX225,T10747,2025-10-23,active,2025-10-30
TAX226,T10751,2026-03-02,active,2026-03-07
TAX227,T10753,2025-11-16,active,2025-11-20
TAX228,T10757,2026-06-19,expired,2026-07-19
TAX229,T10760,2026-05-08,pending_signature,2026-05-08
TAX230,T10766,2026-01-14,pending_signature,2026-01-14
TAX231,T10767,2026-05-20,pending_signature,2026-05-20
TAX232,T10770,2026-06-13,active,2026-06-20
TAX233,T10773,2026-06-24,pending_signature,2026-07-04
TAX234,T10774,2025-11-05,active,2025-11-15
TAX235,T10780,2026-06-18,pending_signature,2026-06-18
TAX236,T10789,2025-12-17,active,2025-12-25
TAX237,T10800,2026-04-11,active,2026-04-21
TAX238,T10802,2026-04-05,expired,2026-05-05
TAX239,T10809,2025-10-26,active,2025-11-01
TAX240,T10813,2026-05-29,active,2026-06-05
TAX241,T10826,2026-04-23,active,2026-04-28
TAX242,T10828,2025-11-09,active,2025-11-21
TAX243,T10829,2025-10-10,expired,2025-11-09
TAX244,T10832,2026-06-08,expired,2026-07-08
TAX245,T10834,2026-03-25,active,2026-03-26
TAX246,T10835,2026-05-04,active,2026-05-11
TAX247,T10841,2025-11-05,expired,2025-12-05
TAX248,T10842,2026-06-10,pending_signature,2026-06-10
TAX249,T10845,2025-11-17,expired,2025-12-17
TAX250,T10849,2025-11-05,expired,2025-12-05
TAX251,T10851,2025-10-10,active,2025-10-14
TAX252,T10855,2026-03-16,pending_signature,2026-03-16
TAX253,T10856,2026-04-29,expired,2026-05-29
TAX254,T10858,2026-03-31,expired,2026-04-30
TAX255,T10859,2025-10-23,pending_signature,2025-10-23
TAX256,T10869,2025-12-07,active,2025-12-13
TAX257,T10875,2025-10-31,active,2025-11-09
TAX258,T10877,2025-10-13,active,2025-10-17
TAX259,T10885,2025-10-01,active,2025-10-11
TAX260,T10892,2026-06-27,expired,2026-07-27
TAX261,T10896,2025-11-11,expired,2025-12-11
TAX262,T10899,2026-03-12,active,2026-03-21
TAX263,T10909,2026-02-08,active,2026-02-10
TAX264,T10913,2025-10-09,active,2025-10-17
TAX265,T10915,2026-02-20,active,2026-03-03
TAX266,T10916,2026-02-15,active,2026-02-26
TAX267,T10918,2026-04-12,expired,2026-05-12
TAX268,T10921,2025-10-24,active,2025-11-04
TAX269,T10922,2026-05-03,expired,2026-06-02
TAX270,T10927,2025-12-16,active,2025-12-26
TAX271,T10928,2025-10-31,active,2025-11-05
TAX272,T10929,2026-02-23,active,2026-03-07
TAX273,T10932,2025-11-22,active,2025-12-05
TAX274,T10939,2026-02-28,pending_signature,2026-02-28
TAX275,T10941,2026-02-13,active,2026-02-26
TAX276,T10942,2026-02-13,active,2026-02-23
TAX277,T10946,2026-04-22,active,2026-04-30
TAX278,T10948,2026-05-02,active,2026-05-09
TAX279,T10953,2026-03-11,active,2026-03-24
TAX280,T10956,2026-02-16,pending_signature,2026-02-16
TAX281,T10957,2026-05-12,active,2026-05-22
TAX282,T10963,2026-04-10,active,2026-04-19
TAX283,T10970,2026-03-20,active,2026-04-02
TAX284,T10974,2026-05-02,active,2026-05-03
TAX285,T10975,2026-06-25,active,2026-06-28
TAX286,T10976,2026-06-10,active,2026-06-14
TAX287,T10980,2025-12-18,pending_signature,2025-12-18
TAX288,T10986,2026-02-06,active,2026-02-18
TAX289,T10993,2026-05-28,active,2026-05-29
TAX290,T10997,2025-10-23,active,2025-11-03
TAX291,T11000,2026-01-24,active,2026-02-03
TAX292,T11001,2026-02-26,pending_signature,2026-02-26
TAX293,T11002,2025-10-08,active,2025-10-09
TAX294,T11003,2026-02-09,expired,2026-03-11
TAX295,T11004,2026-03-22,active,2026-03-25
TAX296,T11006,2025-11-21,active,2025-11-24
TAX297,T11011,2025-10-01,active,2025-10-07
TAX298,T11013,2026-05-09,pending_signature,2026-05-09
TAX299,T11017,2025-12-20,active,2025-12-22
TAX300,T11020,2026-03-21,active,2026-03-29
TAX301,T11021,2026-01-14,active,2026-01-16
TAX302,T11022,2026-01-01,active,2026-01-13
TAX303,T11031,2026-05-28,active,2026-06-01
TAX304,T11032,2026-04-04,pending_signature,2026-04-04
TAX305,T11036,2026-03-12,active,2026-03-15
TAX306,T11037,2026-01-25,active,2026-02-06
TAX307,T11043,2026-02-09,active,2026-02-15
TAX308,T11048,2026-02-25,active,2026-03-03
TAX309,T11052,2026-06-09,active,2026-06-21
TAX310,T11067,2025-12-17,active,2025-12-28
TAX311,T11069,2025-10-31,pending_signature,2025-10-31
TAX312,T11074,2026-02-21,pending_signature,2026-02-21
TAX313,T11075,2025-10-10,active,2025-10-22
TAX314,T11085,2026-02-03,pending_signature,2026-02-03
TAX315,T11088,2026-02-09,active,2026-02-16
TAX316,T11112,2025-11-26,active,2025-12-01
TAX317,T11123,2025-12-28,active,2026-01-09
TAX318,T11126,2025-11-18,active,2025-12-01
TAX319,T11129,2025-11-29,expired,2025-12-29
TAX320,T11130,2025-10-31,active,2025-11-08
TAX321,T11131,2026-05-29,active,2026-06-09
TAX322,T11132,2026-03-26,pending_signature,2026-03-26
TAX323,T11136,2025-11-19,expired,2025-12-19
TAX324,T11140,2026-04-04,expired,2026-05-04
TAX325,T11146,2025-10-20,active,2025-10-22
TAX326,T11148,2026-02-09,active,2026-02-11
TAX327,T11150,2025-12-10,active,2025-12-20
TAX328,T11152,2026-06-20,pending_signature,2026-06-20
TAX329,T11153,2026-03-05,pending_signature,2026-03-05
TAX330,T11156,2026-06-12,pending_signature,2026-06-12
TAX331,T11162,2025-12-19,expired,2026-01-18
TAX332,T11168,2025-10-08,pending_signature,2025-10-08
TAX333,T11177,2026-02-22,pending_signature,2026-02-22
TAX334,T11180,2026-03-10,pending_signature,2026-03-10
TAX335,T11181,2025-10-06,active,2025-10-07
TAX336,T11187,2026-03-21,active,2026-04-03
TAX337,T11190,2026-06-18,pending_signature,2026-06-18
TAX338,T11196,2025-10-28,active,2025-10-30
TAX339,T11197,2026-05-12,active,2026-05-25
TAX340,T11198,2026-06-26,pending_signature,2026-06-26
TAX341,T11199,2025-10-07,active,2025-10-16
TAX342,T11200,2026-03-27,active,2026-03-28
TAX343,T11201,2026-03-18,pending_signature,2026-03-18
TAX344,T11202,2026-04-21,active,2026-04-23
TAX345,T11203,2026-02-27,active,2026-03-08
TAX346,T11210,2026-04-17,pending_signature,2026-04-17
TAX347,T11211,2026-05-07,pending_signature,2026-05-07
TAX348,T11213,2026-01-28,active,2026-02-09
TAX349,T11218,2026-02-19,pending_signature,2026-02-19
TAX350,T11219,2026-02-03,active,2026-02-05
TAX351,T11224,2026-03-31,pending_signature,2026-03-31
TAX352,T11225,2026-03-24,pending_signature,2026-03-24
TAX353,T11228,2026-03-25,active,2026-03-28
TAX354,T11230,2026-04-13,expired,2026-05-13
TAX355,T11238,2026-01-18,pending_signature,2026-01-18
TAX356,T11240,2026-04-30,active,2026-05-07
TAX357,T11241,2026-05-20,active,2026-05-25
TAX358,T11242,2025-12-01,active,2025-12-11
TAX359,T11244,2025-12-28,active,2025-12-30
TAX360,T11247,2026-05-24,active,2026-06-03
TAX361,T11250,2026-02-15,active,2026-02-26
TAX362,T11251,2025-10-18,expired,2025-11-17
TAX363,T11252,2025-10-18,active,2025-10-24
TAX364,T11266,2025-10-11,active,2025-10-23
TAX365,T11276,2025-11-09,active,2025-11-11
TAX366,T11283,2026-03-31,active,2026-04-02
TAX367,T11285,2026-06-19,pending_signature,2026-06-19
TAX368,T11296,2025-11-12,pending_signature,2025-11-12
TAX369,T11297,2026-05-25,active,2026-05-29
TAX370,T11299,2026-04-04,active,2026-04-14
TAX371,T11307,2026-05-07,active,2026-05-08
TAX372,T11316,2025-11-05,pending_signature,2025-11-05
TAX373,T11320,2026-05-03,expired,2026-06-02
TAX374,T11327,2025-11-23,active,2025-12-03
TAX375,T11330,2026-03-28,pending_signature,2026-03-28
TAX376,T11332,2025-10-03,pending_signature,2025-10-03
TAX377,T11334,2025-12-16,expired,2026-01-15
TAX378,T11339,2026-02-11,active,2026-02-24
TAX379,T11341,2026-06-26,active,2026-06-28
TAX380,T11345,2025-12-19,active,2025-12-20
TAX381,T11348,2026-02-17,active,2026-02-22
TAX382,T11351,2026-05-08,expired,2026-06-07
TAX383,T11354,2025-10-19,pending_signature,2025-10-19
TAX384,T11367,2025-10-28,active,2025-11-02
TAX385,T11368,2025-12-19,active,2025-12-26
TAX386,T11369,2026-02-22,active,2026-02-26
TAX387,T11373,2026-06-26,pending_signature,2026-06-26
TAX388,T11380,2026-01-31,active,2026-02-06
TAX389,T11384,2026-02-13,active,2026-02-23
TAX390,T11387,2025-11-27,active,2025-12-09
TAX391,T11390,2026-02-21,pending_signature,2026-02-21
TAX392,T11393,2025-12-19,pending_signature,2025-12-19
TAX393,T11395,2025-11-18,active,2025-11-24
TAX394,T11399,2025-10-08,active,2025-10-12
TAX395,T11416,2026-02-18,pending_signature,2026-02-18
TAX396,T11417,2026-03-16,active,2026-03-28
TAX397,T11419,2026-04-12,active,2026-04-23
TAX398,T11425,2026-03-04,active,2026-03-13
TAX399,T11426,2025-12-12,active,2025-12-21
TAX400,T11428,2026-02-24,pending_signature,2026-02-24
TAX401,T11431,2026-01-10,active,2026-01-13
TAX402,T11433,2025-10-24,pending_signature,2025-10-24
TAX403,T11437,2026-01-16,pending_signature,2026-01-16
TAX404,T11438,2026-03-02,expired,2026-04-01
TAX405,T11441,2026-04-04,pending_signature,2026-04-04
TAX406,T11451,2025-11-22,active,2025-11-29
TAX407,T11454,2025-12-03,pending_signature,2025-12-03
TAX408,T11456,2026-06-01,expired,2026-07-01
TAX409,T11457,2026-02-16,active,2026-02-22
TAX410,T11458,2025-11-16,active,2025-11-21
TAX411,T11459,2026-05-02,active,2026-05-07
TAX412,T11461,2026-01-24,pending_signature,2026-01-24
TAX413,T11462,2025-12-11,pending_signature,2025-12-11
TAX414,T11464,2026-02-21,pending_signature,2026-02-21
TAX415,T11465,2025-10-30,active,2025-11-12
TAX416,T11467,2025-10-10,pending_signature,2025-10-10
TAX417,T11475,2026-03-12,active,2026-03-21
TAX418,T11478,2026-06-18,pending_signature,2026-06-18
TAX419,T11483,2026-06-08,expired,2026-07-08
TAX420,T11485,2025-11-29,active,2025-12-02
TAX421,T11491,2025-12-07,active,2025-12-09
TAX422,T11492,2025-10-30,active,2025-11-10
TAX423,T11494,2026-06-10,expired,2026-07-10
TAX424,T11500,2026-03-31,active,2026-04-09
TAX425,T11503,2025-12-25,active,2026-01-04
TAX426,T11505,2026-05-15,active,2026-05-28
TAX427,T11509,2026-04-21,active,2026-04-22
TAX428,T11511,2025-10-16,pending_signature,2025-10-16
TAX429,T11512,2026-05-16,active,2026-05-23
TAX430,T11514,2025-10-26,active,2025-10-31
TAX431,T11517,2026-03-01,active,2026-03-14
TAX432,T11518,2026-05-13,pending_signature,2026-05-13
TAX433,T11522,2025-11-13,active,2025-11-20
TAX434,T11529,2026-02-11,pending_signature,2026-02-11
TAX435,T11535,2026-02-21,expired,2026-03-23
TAX436,T11539,2026-05-29,pending_signature,2026-05-29
TAX437,T11560,2025-12-03,active,2025-12-14
TAX438,T11566,2025-10-14,pending_signature,2025-10-14
TAX439,T11569,2026-02-25,active,2026-03-05
TAX440,T11570,2026-05-10,active,2026-05-19
TAX441,T11573,2026-05-19,active,2026-05-25
TAX442,T11577,2025-12-07,expired,2026-01-06
TAX443,T11578,2026-05-30,expired,2026-06-29
TAX444,T11590,2025-12-18,active,2025-12-27
TAX445,T11591,2026-01-08,pending_signature,2026-01-08
TAX446,T11596,2026-03-22,expired,2026-04-21
TAX447,T11599,2026-04-23,active,2026-05-01
TAX448,T11603,2025-10-24,active,2025-10-30
TAX449,T11608,2025-11-11,expired,2025-12-11
TAX450,T11610,2026-05-12,active,2026-05-23
TAX451,T11613,2025-12-06,pending_signature,2025-12-06
TAX452,T11619,2025-11-26,active,2025-12-02
TAX453,T11620,2026-01-24,active,2026-01-26
TAX454,T11621,2025-12-13,active,2025-12-18
TAX455,T11623,2025-10-09,active,2025-10-22
TAX456,T11624,2025-10-24,active,2025-11-04
TAX457,T11627,2025-10-29,active,2025-11-11
TAX458,T11630,2026-01-17,pending_signature,2026-01-17
TAX459,T11633,2026-01-16,active,2026-01-24
TAX460,T11634,2025-12-22,active,2025-12-28
TAX461,T11639,2025-11-02,active,2025-11-03
TAX462,T11641,2025-10-29,active,2025-11-08
TAX463,T11646,2025-12-31,pending_signature,2025-12-31
TAX464,T11654,2026-01-24,active,2026-01-31
TAX465,T11656,2026-03-07,pending_signature,2026-03-07
TAX466,T11660,2026-01-27,active,2026-02-03
TAX467,T11664,2026-01-23,active,2026-01-29
TAX468,T11666,2026-04-06,pending_signature,2026-04-06
TAX469,T11668,2026-03-09,active,2026-03-18
TAX470,T11670,2026-03-14,pending_signature,2026-03-14
TAX471,T11673,2026-01-05,expired,2026-02-04
TAX472,T11674,2026-02-01,expired,2026-03-03
TAX473,T11675,2025-11-03,active,2025-11-11
TAX474,T11677,2025-11-05,pending_signature,2025-11-05
TAX475,T11679,2025-10-29,expired,2025-11-28
TAX476,T11691,2026-01-27,active,2026-02-03
TAX477,T11694,2026-03-26,active,2026-04-05
TAX478,T11695,2026-01-22,pending_signature,2026-01-22
TAX479,T11699,2026-02-01,active,2026-02-03
TAX480,T11701,2026-03-12,active,2026-03-25
TAX481,T11704,2026-05-04,pending_signature,2026-05-04
TAX482,T11707,2026-03-12,pending_signature,2026-03-12
TAX483,T11708,2026-02-26,pending_signature,2026-02-26
TAX484,T11720,2025-11-10,active,2025-11-13
TAX485,T11721,2026-02-25,pending_signature,2026-02-25
TAX486,T11724,2026-04-30,pending_signature,2026-04-30
TAX487,T11725,2026-05-03,active,2026-05-05
TAX488,T11727,2026-02-07,pending_signature,2026-02-07
TAX489,T11731,2026-02-15,active,2026-02-16
TAX490,T11732,2025-10-21,active,2025-10-23
TAX491,T11735,2026-01-13,pending_signature,2026-01-13
TAX492,T11742,2026-04-24,pending_signature,2026-04-24
TAX493,T11743,2026-03-31,pending_signature,2026-03-31
TAX494,T11744,2025-11-05,pending_signature,2025-11-05
TAX495,T11748,2026-03-21,active,2026-03-22
TAX496,T11762,2026-03-29,pending_signature,2026-03-29
TAX497,T11763,2026-02-13,pending_signature,2026-02-13
TAX498,T11765,2025-12-17,active,2025-12-18
TAX499,T11767,2025-11-21,active,2025-12-02
TAX500,T11769,2025-12-22,active,2026-01-02
TAX501,T11782,2026-02-08,active,2026-02-21
TAX502,T11783,2026-04-20,active,2026-04-27
TAX503,T11786,2026-05-19,pending_signature,2026-05-19
TAX504,T11788,2026-05-03,expired,2026-06-02
TAX505,T11790,2026-02-20,pending_signature,2026-02-20
TAX506,T11791,2026-01-23,active,2026-02-02
TAX507,T11794,2025-12-21,expired,2026-01-20
TAX508,T11797,2026-06-22,active,2026-06-26
TAX509,T11802,2026-02-03,pending_signature,2026-02-03
TAX510,T11803,2026-03-08,active,2026-03-11
TAX511,T11805,2026-05-10,expired,2026-06-09
TAX512,T11806,2025-12-13,expired,2026-01-12
TAX513,T11807,2026-02-16,active,2026-03-01
TAX514,T11808,2026-04-02,expired,2026-05-02
TAX515,T11810,2025-12-17,pending_signature,2025-12-17
TAX516,T11811,2026-02-01,pending_signature,2026-02-01
TAX517,T11814,2026-05-01,expired,2026-05-31
TAX518,T11815,2025-12-09,active,2025-12-12
TAX519,T11819,2025-10-12,active,2025-10-19
TAX520,T11822,2026-05-05,pending_signature,2026-05-05
TAX521,T11825,2026-05-27,active,2026-06-05
TAX522,T11827,2026-04-07,pending_signature,2026-04-07
TAX523,T11829,2026-04-27,active,2026-05-04
TAX524,T11830,2026-01-28,active,2026-02-03
TAX525,T11831,2026-04-11,active,2026-04-19
TAX526,T11838,2026-04-03,expired,2026-05-03
TAX527,T11840,2025-10-10,expired,2025-11-09
TAX528,T11854,2026-01-24,active,2026-02-02
TAX529,T11856,2025-12-24,active,2025-12-27
TAX530,T11858,2026-04-16,pending_signature,2026-04-16
TAX531,T11860,2025-11-03,expired,2025-12-03
TAX532,T11872,2025-11-04,active,2025-11-14
TAX533,T11876,2026-03-25,expired,2026-04-24
TAX534,T11878,2026-05-16,expired,2026-06-15
TAX535,T11879,2026-02-14,pending_signature,2026-02-14
TAX536,T11880,2026-05-05,active,2026-05-10
TAX537,T11881,2026-03-19,expired,2026-04-18
TAX538,T11883,2026-03-23,expired,2026-04-22
TAX539,T11885,2025-12-24,pending_signature,2025-12-24
TAX540,T11887,2025-11-12,expired,2025-12-12
TAX541,T11888,2026-05-28,active,2026-06-01
TAX542,T11890,2025-10-23,active,2025-11-02
TAX543,T11891,2026-02-13,active,2026-02-16
TAX544,T11902,2025-10-24,expired,2025-11-23
TAX545,T11905,2026-03-10,active,2026-03-20
TAX546,T11909,2026-02-10,active,2026-02-11
TAX547,T11912,2026-04-24,pending_signature,2026-04-24
TAX548,T11920,2026-02-24,pending_signature,2026-02-24
TAX549,T11927,2026-04-08,pending_signature,2026-04-08
TAX550,T11928,2025-10-06,pending_signature,2025-10-06
TAX551,T11932,2026-04-13,pending_signature,2026-04-13
TAX552,T11934,2026-06-25,active,2026-06-27
TAX553,T11939,2026-05-03,pending_signature,2026-05-03
TAX554,T11944,2026-03-28,active,2026-04-03
TAX555,T11946,2025-12-28,active,2026-01-07
TAX556,T11949,2026-06-05,active,2026-06-07
TAX557,T11950,2025-11-27,expired,2025-12-27
TAX558,T11955,2026-05-05,expired,2026-06-04
TAX559,T11956,2026-01-16,active,2026-01-18
TAX560,T11957,2026-06-14,expired,2026-07-14
TAX561,T11962,2026-05-24,active,2026-05-28
TAX562,T11966,2026-01-29,active,2026-02-04
TAX563,T11973,2026-01-24,active,2026-02-04
TAX564,T11974,2025-10-03,pending_signature,2025-10-03
TAX565,T11978,2025-10-31,pending_signature,2025-10-31
TAX566,T11979,2026-04-14,active,2026-04-15
TAX567,T11987,2026-05-15,active,2026-05-23
TAX568,T11993,2025-11-29,pending_signature,2025-11-29
TAX569,T11995,2026-03-25,active,2026-04-01
TAX570,T11999,2026-05-01,active,2026-05-11
TAX571,T12001,2025-10-29,active,2025-11-07
TAX572,T12002,2026-06-22,active,2026-06-24
TAX573,T12008,2026-01-15,active,2026-01-26
TAX574,T12011,2026-04-18,active,2026-04-23
TAX575,T12012,2026-03-03,active,2026-03-05
TAX576,T12016,2026-05-09,expired,2026-06-08
TAX577,T12021,2026-04-23,active,2026-04-28
TAX578,T12024,2026-04-20,active,2026-04-25
TAX579,T12028,2026-06-18,expired,2026-07-18
TAX580,T12036,2026-05-30,active,2026-06-08
TAX581,T12037,2026-04-24,pending_signature,2026-04-24
TAX582,T12042,2026-03-22,active,2026-04-02
TAX583,T12046,2026-05-28,active,2026-06-09
TAX584,T12047,2026-03-14,active,2026-03-25
TAX585,T12059,2026-04-16,active,2026-04-28
TAX586,T12065,2026-02-01,active,2026-02-04
TAX587,T12074,2025-10-16,active,2025-10-20
TAX588,T12075,2026-04-30,active,2026-05-10
TAX589,T12080,2025-11-01,active,2025-11-04
TAX590,T12090,2025-10-14,pending_signature,2025-10-14
TAX591,T12095,2026-04-26,pending_signature,2026-04-26
TAX592,T12097,2026-06-21,pending_signature,2026-07-02
TAX593,T12099,2026-04-15,expired,2026-05-15
TAX594,T12101,2025-12-16,pending_signature,2025-12-16
TAX595,T12104,2025-10-12,expired,2025-11-11
TAX596,T12105,2026-06-18,active,2026-06-23
TAX597,T12107,2026-03-10,pending_signature,2026-03-10
TAX598,T12108,2025-11-23,active,2025-12-02
TAX599,T12112,2025-12-06,active,2025-12-15
TAX600,T12114,2026-04-22,pending_signature,2026-04-22
TAX601,T12117,2026-03-04,active,2026-03-10
TAX602,T12119,2026-01-05,active,2026-01-08
TAX603,T12121,2026-03-04,active,2026-03-08
TAX604,T12122,2025-12-07,pending_signature,2025-12-07
TAX605,T12126,2026-04-09,active,2026-04-11
TAX606,T12127,2026-02-15,pending_signature,2026-02-15
TAX607,T12128,2026-04-22,pending_signature,2026-04-22
TAX608,T12130,2025-12-16,pending_signature,2025-12-16
TAX609,T12134,2026-03-11,pending_signature,2026-03-11
TAX610,T12135,2025-12-27,active,2026-01-04
TAX611,T12136,2026-06-20,pending_signature,2026-06-20
TAX612,T12138,2025-10-30,active,2025-11-11
TAX613,T12149,2026-05-01,active,2026-05-11
TAX614,T12153,2026-03-22,expired,2026-04-21
TAX615,T12155,2026-02-20,active,2026-02-22
TAX616,T12156,2025-11-24,expired,2025-12-24
TAX617,T12161,2025-12-09,active,2025-12-18
TAX618,T12165,2026-05-16,active,2026-05-25
TAX619,T12168,2026-06-24,active,2026-06-25
TAX620,T12169,2025-10-10,expired,2025-11-09
TAX621,T12170,2026-03-29,active,2026-04-11
TAX622,T12181,2025-10-11,active,2025-10-20
TAX623,T12182,2026-06-21,pending_signature,2026-06-21
TAX624,T12185,2026-06-17,expired,2026-07-17
TAX625,T12186,2025-12-26,active,2026-01-06
TAX626,T12190,2026-05-31,expired,2026-06-30
TAX627,T12194,2025-12-29,active,2026-01-09
TAX628,T12196,2026-06-21,pending_signature,2026-07-03
TAX629,T12197,2026-03-12,active,2026-03-14
TAX630,T12200,2025-12-11,active,2025-12-16
TAX631,T12208,2026-04-30,active,2026-05-12
TAX632,T12212,2026-03-30,active,2026-03-31
TAX633,T12223,2025-11-20,active,2025-12-01
TAX634,T12228,2025-12-26,active,2025-12-28
TAX635,T12232,2025-10-27,active,2025-11-07
TAX636,T12234,2026-05-05,active,2026-05-10
TAX637,T12246,2026-06-01,active,2026-06-12
TAX638,T12252,2026-05-01,active,2026-05-11
TAX639,T12256,2026-04-08,pending_signature,2026-04-08
TAX640,T12258,2025-10-26,active,2025-10-29
TAX641,T12259,2025-11-24,active,2025-12-06
TAX642,T12260,2026-06-12,pending_signature,2026-06-12
TAX643,T12263,2025-11-02,active,2025-11-03
TAX644,T12270,2026-04-14,active,2026-04-19
TAX645,T12271,2026-02-20,active,2026-03-05
TAX646,T12273,2025-12-19,active,2025-12-25
TAX647,T12275,2026-04-20,active,2026-04-25
TAX648,T12276,2026-06-05,active,2026-06-16
TAX649,T12293,2026-02-15,active,2026-02-17
TAX650,T12294,2026-02-02,active,2026-02-05
TAX651,T12300,2025-12-22,pending_signature,2025-12-22
TAX652,T12301,2026-05-04,active,2026-05-15
TAX653,T12304,2026-04-30,active,2026-05-05
TAX654,T12309,2026-01-16,active,2026-01-23
TAX655,T12313,2026-05-27,expired,2026-06-26
TAX656,T12314,2026-05-10,active,2026-05-11
TAX657,T12324,2026-06-08,active,2026-06-12
TAX658,T12325,2026-01-04,active,2026-01-10
TAX659,T12328,2026-04-04,pending_signature,2026-04-04
TAX660,T12335,2026-06-16,active,2026-06-28
TAX661,T12338,2025-10-18,pending_signature,2025-10-18
TAX662,T12340,2026-02-23,pending_signature,2026-02-23
TAX663,T12343,2025-12-03,pending_signature,2025-12-03
TAX664,T12344,2026-05-20,active,2026-05-25
TAX665,T12346,2026-02-13,active,2026-02-23
TAX666,T12349,2026-06-23,pending_signature,2026-07-06
TAX667,T12361,2025-10-11,pending_signature,2025-10-11
TAX668,T12362,2026-05-15,active,2026-05-21
TAX669,T12363,2026-01-18,expired,2026-02-17
TAX670,T12365,2026-04-19,pending_signature,2026-04-19
TAX671,T12367,2026-03-11,active,2026-03-15
TAX672,T12368,2025-11-20,active,2025-12-03
TAX673,T12374,2026-02-21,expired,2026-03-23
TAX674,T12383,2025-11-06,active,2025-11-12
TAX675,T12385,2025-12-01,active,2025-12-10
TAX676,T12386,2026-01-08,active,2026-01-15
TAX677,T12389,2026-03-11,expired,2026-04-10
TAX678,T12390,2026-03-10,active,2026-03-12
TAX679,T12396,2026-05-30,active,2026-06-10
TAX680,T12397,2026-01-18,active,2026-01-31
TAX681,T12398,2025-11-06,active,2025-11-15
TAX682,T12405,2026-01-12,active,2026-01-17
TAX683,T12412,2025-11-14,active,2025-11-27
TAX684,T12413,2026-03-28,active,2026-04-09
TAX685,T12419,2026-06-23,pending_signature,2026-06-23
TAX686,T12420,2025-10-09,pending_signature,2025-10-09
TAX687,T12431,2026-03-09,active,2026-03-11
TAX688,T12435,2025-12-05,active,2025-12-16
TAX689,T12444,2025-11-26,expired,2025-12-26
TAX690,T12447,2026-02-07,active,2026-02-20
TAX691,T12449,2026-06-01,active,2026-06-03
TAX692,T12450,2026-01-23,active,2026-02-02
TAX693,T12452,2026-01-17,pending_signature,2026-01-17
TAX694,T12453,2026-04-19,active,2026-05-01
TAX695,T12456,2026-01-23,active,2026-01-28
TAX696,T12460,2026-06-01,active,2026-06-05
TAX697,T12464,2026-01-06,expired,2026-02-05
TAX698,T12471,2026-05-11,active,2026-05-19
TAX699,T12472,2026-06-07,pending_signature,2026-06-07
TAX700,T12475,2026-06-12,pending_signature,2026-06-12
TAX701,T12476,2025-12-17,active,2025-12-26
TAX702,T12477,2025-11-25,active,2025-12-02
TAX703,T12478,2026-03-09,active,2026-03-20
TAX704,T12479,2026-05-06,pending_signature,2026-05-06
TAX705,T12481,2026-04-16,active,2026-04-25
TAX706,T12485,2025-12-12,expired,2026-01-11
TAX707,T12486,2026-03-16,active,2026-03-19
TAX708,T12487,2025-12-14,pending_signature,2025-12-14
TAX709,T12490,2026-02-09,expired,2026-03-11
TAX710,T12502,2025-12-30,active,2026-01-04
TAX711,T12505,2025-12-11,active,2025-12-13
TAX712,T12510,2025-12-29,active,2026-01-04
TAX713,T12521,2025-10-21,expired,2025-11-20
TAX714,T12522,2026-02-16,pending_signature,2026-02-16
TAX715,T12523,2026-03-13,active,2026-03-20
TAX716,T12528,2026-01-18,active,2026-01-21
TAX717,T12532,2026-03-31,active,2026-04-04
TAX718,T12538,2025-12-07,pending_signature,2025-12-07
TAX719,T12547,2025-12-22,active,2026-01-01
TAX720,T12555,2025-11-13,active,2025-11-25
TAX721,T12556,2026-02-06,pending_signature,2026-02-06
TAX722,T12560,2026-02-16,pending_signature,2026-02-16
TAX723,T12562,2026-06-21,active,2026-06-28
TAX724,T12566,2026-03-10,pending_signature,2026-03-10
TAX725,T12572,2025-10-09,active,2025-10-22
TAX726,T12576,2026-01-21,active,2026-02-02
TAX727,T12577,2025-11-16,active,2025-11-29
TAX728,T12581,2026-01-11,active,2026-01-19
TAX729,T12585,2026-06-09,active,2026-06-14
TAX730,T12591,2025-12-06,pending_signature,2025-12-06
TAX731,T12596,2026-02-24,active,2026-03-08
TAX732,T12603,2026-04-06,active,2026-04-19
TAX733,T12608,2025-10-29,pending_signature,2025-10-29
TAX734,T12609,2025-12-09,pending_signature,2025-12-09
TAX735,T12610,2026-06-08,expired,2026-07-08
TAX736,T12613,2026-06-08,pending_signature,2026-06-08
TAX737,T12614,2026-04-24,active,2026-05-03
TAX738,T12619,2025-10-04,pending_signature,2025-10-04
TAX739,T12620,2026-04-21,expired,2026-05-21
TAX740,T12621,2025-12-11,active,2025-12-14
TAX741,T12623,2025-11-26,pending_signature,2025-11-26
TAX742,T12630,2026-06-21,pending_signature,2026-07-04
TAX743,T12632,2025-10-12,expired,2025-11-11
TAX744,T12636,2026-06-28,pending_signature,2026-06-28
TAX745,T12637,2026-03-23,active,2026-04-01
TAX746,T12641,2026-03-06,expired,2026-04-05
TAX747,T12648,2026-03-16,active,2026-03-25
TAX748,T12649,2026-03-04,active,2026-03-08
TAX749,T12653,2026-03-31,active,2026-04-01
TAX750,T12654,2026-06-10,expired,2026-07-10
TAX751,T12655,2026-03-03,expired,2026-04-02
TAX752,T12657,2025-11-08,active,2025-11-10
TAX753,T12659,2026-04-13,active,2026-04-14
TAX754,T12660,2026-05-13,active,2026-05-22
TAX755,T12663,2025-12-29,active,2026-01-09
TAX756,T12668,2025-12-28,expired,2026-01-27
TAX757,T12670,2026-03-22,active,2026-03-27
TAX758,T12678,2026-06-19,pending_signature,2026-06-19
TAX759,T12685,2026-04-15,active,2026-04-20
TAX760,T12690,2026-06-13,pending_signature,2026-06-13
TAX761,T12701,2025-10-29,active,2025-11-05
TAX762,T12703,2025-11-18,active,2025-11-19
TAX763,T12704,2026-06-17,expired,2026-07-17
TAX764,T12705,2026-04-03,active,2026-04-14
TAX765,T12707,2026-03-30,pending_signature,2026-03-30
TAX766,T12719,2026-01-06,active,2026-01-09
TAX767,T12720,2026-05-25,pending_signature,2026-05-25
TAX768,T12723,2026-03-19,expired,2026-04-18
TAX769,T12726,2025-12-13,pending_signature,2025-12-13
TAX770,T12727,2026-06-19,pending_signature,2026-06-19
TAX771,T12728,2026-05-11,expired,2026-06-10
TAX772,T12734,2026-03-30,expired,2026-04-29
TAX773,T12735,2026-05-21,expired,2026-06-20
TAX774,T12740,2026-02-10,expired,2026-03-12
TAX775,T12741,2026-03-17,active,2026-03-28
TAX776,T12747,2025-10-26,active,2025-11-01
TAX777,T12748,2025-11-03,active,2025-11-05
TAX778,T12756,2026-03-08,active,2026-03-20
TAX779,T12758,2025-10-03,active,2025-10-06
TAX780,T12760,2026-02-28,active,2026-03-02
TAX781,T12763,2025-12-24,pending_signature,2025-12-24
TAX782,T12765,2025-11-09,pending_signature,2025-11-09
TAX783,T12767,2025-12-09,active,2025-12-21
TAX784,T12777,2025-10-19,active,2025-10-23
TAX785,T12778,2026-05-21,pending_signature,2026-05-21
TAX786,T12785,2025-10-15,active,2025-10-25
TAX787,T12788,2026-06-06,pending_signature,2026-06-06
TAX788,T12793,2025-11-17,pending_signature,2025-11-17
TAX789,T12794,2026-01-05,expired,2026-02-04
TAX790,T12795,2026-01-19,expired,2026-02-18
TAX791,T12800,2025-12-14,active,2025-12-16
TAX792,T12806,2026-04-23,pending_signature,2026-04-23
TAX793,T12807,2026-06-22,pending_signature,2026-07-05
TAX794,T12808,2026-06-01,pending_signature,2026-06-01
TAX795,T12809,2026-06-02,pending_signature,2026-06-02
TAX796,T12810,2026-02-27,active,2026-02-28
TAX797,T12811,2026-01-19,active,2026-01-24
TAX798,T12813,2026-01-16,active,2026-01-28
TAX799,T12816,2026-01-20,active,2026-02-02
TAX800,T12819,2026-03-19,expired,2026-04-18
TAX801,T12821,2026-03-02,active,2026-03-12
TAX802,T12831,2025-12-28,pending_signature,2025-12-28
TAX803,T12832,2026-02-05,expired,2026-03-07
TAX804,T12839,2026-02-26,pending_signature,2026-02-26
TAX805,T12851,2026-06-16,active,2026-06-27
TAX806,T12857,2025-11-29,active,2025-12-02
TAX807,T12858,2025-10-02,active,2025-10-10
TAX808,T12867,2025-10-16,pending_signature,2025-10-16
TAX809,T12871,2026-02-21,pending_signature,2026-02-21
TAX810,T12872,2025-11-09,active,2025-11-11
TAX811,T12875,2026-05-21,active,2026-05-24
TAX812,T12879,2025-10-28,pending_signature,2025-10-28
TAX813,T12880,2026-02-24,active,2026-03-05
TAX814,T12893,2026-06-01,pending_signature,2026-06-01
TAX815,T12905,2026-06-01,active,2026-06-02
TAX816,T12915,2026-04-15,pending_signature,2026-04-15
TAX817,T12916,2026-04-11,expired,2026-05-11
TAX818,T12922,2025-09-30,pending_signature,2025-09-30
TAX819,T12925,2026-03-16,active,2026-03-24
TAX820,T12927,2026-06-20,pending_signature,2026-07-01
TAX821,T12928,2026-05-17,expired,2026-06-16
TAX822,T12931,2026-06-13,active,2026-06-20
TAX823,T12935,2026-03-11,pending_signature,2026-03-11
TAX824,T12937,2025-10-15,pending_signature,2025-10-15
TAX825,T12938,2026-05-02,pending_signature,2026-05-02
TAX826,T12940,2025-12-17,active,2025-12-28
TAX827,T12948,2025-10-20,expired,2025-11-19
TAX828,T12953,2026-02-10,pending_signature,2026-02-10
TAX829,T12954,2026-06-20,active,2026-06-30
TAX830,T12958,2025-10-23,active,2025-10-30
TAX831,T12961,2026-05-03,active,2026-05-12
TAX832,T12964,2025-12-11,active,2025-12-24
TAX833,T12966,2026-01-14,active,2026-01-21
TAX834,T12970,2026-04-11,active,2026-04-23
TAX835,T12978,2026-06-26,pending_signature,2026-07-03
TAX836,T12987,2026-03-25,pending_signature,2026-03-25
TAX837,T12992,2026-06-28,pending_signature,2026-07-02
TAX838,T12993,2025-11-03,active,2025-11-13
TAX839,T12995,2026-03-27,active,2026-03-31
TAX840,T12996,2025-10-03,pending_signature,2025-10-03
TAX841,T12998,2026-02-27,active,2026-03-01
TAX842,T13002,2026-06-28,pending_signature,2026-07-10
TAX843,T13003,2026-04-03,active,2026-04-06
TAX844,T13007,2026-06-26,pending_signature,2026-06-26
TAX845,T13011,2025-10-27,active,2025-10-29
TAX846,T13013,2026-01-12,active,2026-01-23
TAX847,T13015,2025-11-22,active,2025-12-04
TAX848,T13022,2026-01-01,pending_signature,2026-01-01
TAX849,T13023,2026-05-11,active,2026-05-19
TAX850,T13028,2026-03-08,active,2026-03-20
TAX851,T13033,2025-11-15,active,2025-11-27
TAX852,T13034,2026-03-21,active,2026-03-28
TAX853,T13039,2026-01-24,active,2026-02-02
TAX854,T13045,2026-02-13,active,2026-02-22
TAX855,T13049,2026-06-21,pending_signature,2026-07-01
TAX856,T13050,2026-06-16,expired,2026-07-16
TAX857,T13051,2026-05-01,active,2026-05-12
TAX858,T13053,2025-11-22,active,2025-12-05
TAX859,T13055,2026-01-02,active,2026-01-14
TAX860,T13058,2026-04-09,pending_signature,2026-04-09
TAX861,T13059,2026-01-08,active,2026-01-11
TAX862,T13060,2026-05-22,pending_signature,2026-05-22
TAX863,T13066,2026-04-27,active,2026-05-06
TAX864,T13072,2025-11-05,active,2025-11-18
TAX865,T13076,2025-09-30,pending_signature,2025-09-30
TAX866,T13077,2026-06-09,active,2026-06-14
TAX867,T13079,2026-05-03,active,2026-05-06
TAX868,T13083,2025-10-01,active,2025-10-12
TAX869,T13086,2026-06-26,pending_signature,2026-06-26
TAX870,T13088,2026-01-04,pending_signature,2026-01-04
TAX871,T13095,2025-12-22,active,2026-01-04
TAX872,T13098,2026-06-14,pending_signature,2026-06-14
TAX873,T13101,2025-09-30,active,2025-10-06
TAX874,T13104,2026-01-21,pending_signature,2026-01-21
TAX875,T13107,2025-12-15,active,2025-12-28
TAX876,T13111,2026-04-13,active,2026-04-22
TAX877,T13113,2026-03-29,active,2026-04-07
TAX878,T13125,2025-10-24,active,2025-11-06
TAX879,T13127,2026-01-02,pending_signature,2026-01-02
TAX880,T13129,2026-05-25,expired,2026-06-24
TAX881,T13130,2026-03-19,pending_signature,2026-03-19
TAX882,T13132,2026-05-04,active,2026-05-16
TAX883,T13133,2026-03-13,active,2026-03-14
TAX884,T13148,2025-12-31,active,2026-01-13
TAX885,T13159,2026-05-25,expired,2026-06-24
TAX886,T13160,2025-10-25,active,2025-11-05
TAX887,T13163,2026-01-06,active,2026-01-12
TAX888,T13167,2025-10-19,active,2025-10-31
TAX889,T13168,2025-12-17,active,2025-12-26
TAX890,T13172,2026-05-11,active,2026-05-15
TAX891,T13187,2026-04-11,active,2026-04-15
TAX892,T13190,2026-03-11,active,2026-03-13
TAX893,T13192,2026-03-25,active,2026-04-06
TAX894,T13196,2025-12-23,active,2025-12-31
TAX895,T13200,2025-12-18,active,2025-12-22
TAX896,T13204,2026-04-25,pending_signature,2026-04-25
TAX897,T13208,2025-12-07,expired,2026-01-06
TAX898,T13212,2025-11-30,pending_signature,2025-11-30
TAX899,T13215,2026-01-21,active,2026-01-29
TAX900,T13217,2026-02-17,active,2026-02-26
TAX901,T13219,2026-05-15,pending_signature,2026-05-15
TAX902,T13223,2026-05-07,pending_signature,2026-05-07
TAX903,T13227,2025-12-18,pending_signature,2025-12-18
TAX904,T13234,2026-04-21,active,2026-04-29
TAX905,T13235,2026-01-02,active,2026-01-11
TAX906,T13240,2026-04-27,pending_signature,2026-04-27
TAX907,T13241,2026-03-05,active,2026-03-15
TAX908,T13243,2025-10-22,active,2025-11-02
TAX909,T13259,2026-01-20,expired,2026-02-19
TAX910,T13266,2026-03-28,pending_signature,2026-03-28
TAX911,T13267,2026-06-03,active,2026-06-12
TAX912,T13273,2025-11-06,active,2025-11-16
TAX913,T13279,2026-01-29,pending_signature,2026-01-29
TAX914,T13296,2025-11-06,active,2025-11-19
TAX915,T13298,2026-04-16,active,2026-04-18
TAX916,T13299,2025-10-11,active,2025-10-19
TAX917,T13300,2025-12-24,pending_signature,2025-12-24
TAX918,T13305,2026-05-13,pending_signature,2026-05-13
TAX919,T13308,2026-03-16,pending_signature,2026-03-16
TAX920,T13310,2026-06-16,pending_signature,2026-06-16
TAX921,T13318,2026-02-19,active,2026-02-28
TAX922,T13325,2025-11-16,expired,2025-12-16
TAX923,T13326,2025-11-26,active,2025-12-02
TAX924,T13328,2026-02-14,active,2026-02-18
TAX925,T13330,2025-10-31,active,2025-11-02
TAX926,T13333,2026-03-21,expired,2026-04-20
TAX927,T13341,2025-12-04,active,2025-12-09
TAX928,T13343,2026-04-23,pending_signature,2026-04-23
TAX929,T13344,2026-05-24,active,2026-05-26
TAX930,T13349,2026-06-06,active,2026-06-13
TAX931,T13360,2026-03-24,expired,2026-04-23
TAX932,T13363,2025-10-05,active,2025-10-06
TAX933,T13373,2026-03-08,active,2026-03-13
TAX934,T13378,2026-03-20,expired,2026-04-19
TAX935,T13382,2025-12-03,active,2025-12-05
TAX936,T13388,2025-10-22,active,2025-10-23
TAX937,T13397,2025-10-10,active,2025-10-14
TAX938,T13403,2025-12-08,expired,2026-01-07
TAX939,T13413,2025-11-27,pending_signature,2025-11-27
TAX940,T13415,2026-04-29,active,2026-05-11
TAX941,T13421,2026-06-18,active,2026-06-24
TAX942,T13426,2026-06-10,active,2026-06-22
TAX943,T13428,2026-04-09,pending_signature,2026-04-09
TAX944,T13429,2026-06-19,active,2026-06-26
TAX945,T13430,2026-02-25,active,2026-03-01
TAX946,T13434,2025-11-15,active,2025-11-27
TAX947,T13445,2026-01-16,active,2026-01-24
TAX948,T13454,2026-03-13,active,2026-03-16
TAX949,T13458,2026-05-15,pending_signature,2026-05-15
TAX950,T13461,2026-06-07,pending_signature,2026-06-07
TAX951,T13462,2025-12-08,active,2025-12-18
TAX952,T13465,2025-11-29,expired,2025-12-29
TAX953,T13466,2026-02-04,pending_signature,2026-02-04
TAX954,T13468,2025-12-06,pending_signature,2025-12-06
TAX955,T13470,2026-04-09,active,2026-04-12
TAX956,T13471,2026-01-06,active,2026-01-12
TAX957,T13475,2026-04-02,active,2026-04-06
TAX958,T13477,2026-01-06,active,2026-01-11
TAX959,T13485,2026-05-26,active,2026-06-08
TAX960,T13490,2026-01-29,active,2026-02-09
TAX961,T13492,2025-11-24,pending_signature,2025-11-24
TAX962,T13503,2025-11-05,active,2025-11-09
TAX963,T13505,2026-05-15,active,2026-05-26
TAX964,T13510,2025-11-02,pending_signature,2025-11-02
TAX965,T13515,2026-03-03,active,2026-03-11
TAX966,T13516,2026-01-31,active,2026-02-04
TAX967,T13523,2025-10-24,pending_signature,2025-10-24
TAX968,T13531,2026-06-06,active,2026-06-11
TAX969,T13543,2026-06-08,active,2026-06-21
TAX970,T13549,2025-11-18,active,2025-11-19
TAX971,T13551,2026-01-12,active,2026-01-22
TAX972,T13553,2026-06-20,expired,2026-07-20
TAX973,T13555,2025-10-08,pending_signature,2025-10-08
TAX974,T13561,2025-11-05,pending_signature,2025-11-05
TAX975,T13562,2026-02-12,active,2026-02-17
TAX976,T13565,2026-03-22,active,2026-03-24
TAX977,T13566,2025-12-18,active,2025-12-30
TAX978,T13569,2025-11-27,pending_signature,2025-11-27
TAX979,T13572,2026-02-28,active,2026-03-05
TAX980,T13573,2026-01-01,active,2026-01-14
TAX981,T13574,2026-04-22,active,2026-04-25
TAX982,T13583,2026-01-09,active,2026-01-10
TAX983,T13584,2026-06-22,expired,2026-07-22
TAX984,T13585,2026-01-06,pending_signature,2026-01-06
TAX985,T13591,2026-02-20,expired,2026-03-22
TAX986,T13594,2026-03-19,active,2026-03-26
TAX987,T13604,2026-03-03,pending_signature,2026-03-03
TAX988,T13606,2026-01-17,active,2026-01-24
TAX989,T13609,2025-12-12,active,2025-12-16
TAX990,T13610,2025-10-02,active,2025-10-06
TAX991,T13619,2026-05-10,pending_signature,2026-05-10
TAX992,T13625,2026-05-16,expired,2026-06-15
TAX993,T13628,2025-10-04,active,2025-10-17
TAX994,T13629,2026-02-21,pending_signature,2026-02-21
TAX995,T13636,2026-03-26,active,2026-04-03
TAX996,T13640,2026-02-15,pending_signature,2026-02-15
TAX997,T13642,2026-05-19,active,2026-05-26
TAX998,T13643,2026-04-19,active,2026-04-27
TAX999,T13644,2026-06-16,active,2026-06-17
TAX1000,T13646,2026-01-20,active,2026-01-26
TAX1001,T13647,2025-10-20,expired,2025-11-19
TAX1002,T13648,2026-06-14,active,2026-06-18
TAX1003,T13649,2026-06-20,active,2026-06-27
TAX1004,T13659,2025-12-03,active,2025-12-14
TAX1005,T13660,2026-01-09,active,2026-01-14
TAX1006,T13664,2025-10-01,pending_signature,2025-10-01
TAX1007,T13666,2026-04-10,active,2026-04-14
TAX1008,T13667,2025-09-30,expired,2025-10-30
TAX1009,T13673,2026-06-05,active,2026-06-13
TAX1010,T13682,2026-01-10,pending_signature,2026-01-10
TAX1011,T13685,2026-01-23,active,2026-02-02
TAX1012,T13686,2026-02-13,active,2026-02-19
TAX1013,T13691,2026-05-22,active,2026-05-29
TAX1014,T13693,2026-01-06,pending_signature,2026-01-06
TAX1015,T13695,2026-04-04,pending_signature,2026-04-04
TAX1016,T13696,2026-04-12,active,2026-04-20
TAX1017,T13697,2026-03-19,active,2026-03-23
TAX1018,T13705,2025-12-07,pending_signature,2025-12-07
TAX1019,T13706,2026-01-20,active,2026-01-25
TAX1020,T13708,2025-12-22,active,2025-12-27
TAX1021,T13709,2026-03-07,active,2026-03-20
TAX1022,T13718,2025-12-31,pending_signature,2025-12-31
TAX1023,T13719,2026-02-28,active,2026-03-10
TAX1024,T13721,2026-02-28,active,2026-03-07
TAX1025,T13728,2025-10-02,active,2025-10-13
TAX1026,T13730,2026-05-24,active,2026-05-28
TAX1027,T13731,2026-04-08,pending_signature,2026-04-08
TAX1028,T13732,2025-11-23,active,2025-11-27
TAX1029,T13736,2026-02-06,pending_signature,2026-02-06
TAX1030,T13739,2026-04-07,active,2026-04-08
TAX1031,T13741,2026-05-21,pending_signature,2026-05-21
TAX1032,T13743,2026-01-18,expired,2026-02-17
TAX1033,T13751,2025-10-26,active,2025-10-27
TAX1034,T13761,2025-12-13,expired,2026-01-12
TAX1035,T13762,2026-03-25,expired,2026-04-24
TAX1036,T13767,2026-06-13,pending_signature,2026-06-13
TAX1037,T13768,2026-06-27,active,2026-06-30
TAX1038,T13770,2026-05-08,active,2026-05-11
TAX1039,T13774,2026-02-15,active,2026-02-28
TAX1040,T13779,2026-03-19,active,2026-03-22
TAX1041,T13781,2026-04-25,active,2026-05-03
TAX1042,T13782,2026-06-17,active,2026-06-26
TAX1043,T13784,2025-12-27,active,2026-01-04
TAX1044,T13785,2026-06-08,pending_signature,2026-06-08
TAX1045,T13787,2025-12-29,pending_signature,2025-12-29
TAX1046,T13788,2026-02-28,expired,2026-03-30
TAX1047,T13791,2025-11-20,expired,2025-12-20
TAX1048,T13794,2026-02-05,active,2026-02-16
TAX1049,T13796,2026-04-30,pending_signature,2026-04-30
TAX1050,T13799,2026-02-05,expired,2026-03-07
TAX1051,T13801,2026-06-28,expired,2026-07-28
TAX1052,T13807,2025-11-10,active,2025-11-20
TAX1053,T13817,2026-06-21,active,2026-06-27
TAX1054,T13820,2026-03-17,active,2026-03-27
TAX1055,T13833,2026-06-27,pending_signature,2026-07-01
TAX1056,T13834,2025-10-03,active,2025-10-15
TAX1057,T13836,2025-12-07,expired,2026-01-06
TAX1058,T13837,2025-12-05,active,2025-12-10
TAX1059,T13838,2026-02-19,active,2026-02-22
TAX1060,T13842,2026-03-07,pending_signature,2026-03-07
TAX1061,T13845,2025-12-28,pending_signature,2025-12-28
TAX1062,T13853,2025-11-03,expired,2025-12-03
TAX1063,T13854,2026-05-10,active,2026-05-18
TAX1064,T13856,2026-05-19,active,2026-05-30
TAX1065,T13858,2026-04-12,pending_signature,2026-04-12
TAX1066,T13867,2025-11-23,expired,2025-12-23
TAX1067,T13868,2025-10-22,active,2025-10-27
TAX1068,T13869,2026-05-12,pending_signature,2026-05-12
TAX1069,T13872,2026-03-02,active,2026-03-12
TAX1070,T13874,2025-10-21,pending_signature,2025-10-21
TAX1071,T13875,2026-03-25,expired,2026-04-24
TAX1072,T13877,2026-06-15,pending_signature,2026-06-15
TAX1073,T13880,2026-06-06,active,2026-06-18
TAX1074,T13895,2026-01-22,active,2026-01-23
TAX1075,T13896,2025-10-29,active,2025-11-06
TAX1076,T13900,2025-10-22,active,2025-11-04
TAX1077,T13901,2026-05-13,active,2026-05-16
TAX1078,T13902,2025-10-13,active,2025-10-17
TAX1079,T13910,2026-05-13,active,2026-05-18
TAX1080,T13916,2026-06-28,pending_signature,2026-07-06
TAX1081,T13924,2026-05-08,active,2026-05-09
TAX1082,T13926,2026-02-13,expired,2026-03-15
TAX1083,T13930,2026-06-09,active,2026-06-16
TAX1084,T13933,2025-11-18,pending_signature,2025-11-18
TAX1085,T13936,2026-03-07,active,2026-03-19
TAX1086,T13937,2026-03-11,pending_signature,2026-03-11
TAX1087,T13942,2026-03-09,pending_signature,2026-03-09
TAX1088,T13948,2026-06-05,pending_signature,2026-06-05
TAX1089,T13951,2026-06-04,active,2026-06-12
TAX1090,T13953,2026-06-07,active,2026-06-12
TAX1091,T13955,2025-10-02,pending_signature,2025-10-02
TAX1092,T13977,2026-03-14,pending_signature,2026-03-14
TAX1093,T13978,2026-05-26,active,2026-06-04
TAX1094,T13981,2026-02-20,pending_signature,2026-02-20
TAX1095,T13986,2025-10-30,active,2025-11-05
TAX1096,T13989,2025-12-07,active,2025-12-20
TAX1097,T13991,2026-04-14,pending_signature,2026-04-14
TAX1098,T13992,2025-10-12,active,2025-10-25
TAX1099,T13995,2026-06-05,pending_signature,2026-06-05
TAX1100,T13996,2026-03-31,active,2026-04-07
TAX1101,T14003,2025-12-18,pending_signature,2025-12-18
TAX1102,T14006,2026-05-09,pending_signature,2026-05-09
TAX1103,T14012,2025-11-28,expired,2025-12-28
TAX1104,T14014,2026-04-03,active,2026-04-05
TAX1105,T14016,2025-11-24,active,2025-12-02
TAX1106,T14022,2026-01-08,active,2026-01-16
TAX1107,T14024,2026-03-26,active,2026-04-03
TAX1108,T14025,2025-12-05,expired,2026-01-04
TAX1109,T14026,2025-11-04,active,2025-11-11
TAX1110,T14039,2025-10-09,active,2025-10-20
TAX1111,T14044,2026-05-24,pending_signature,2026-05-24
TAX1112,T14045,2026-01-21,expired,2026-02-20
TAX1113,T14046,2026-03-05,expired,2026-04-04
TAX1114,T14048,2026-04-12,expired,2026-05-12
TAX1115,T14050,2026-05-18,pending_signature,2026-05-18
TAX1116,T14055,2026-05-15,active,2026-05-18
TAX1117,T14057,2026-01-12,pending_signature,2026-01-12
TAX1118,T14062,2026-04-22,active,2026-04-29
TAX1119,T14066,2026-06-01,pending_signature,2026-06-01
TAX1120,T14068,2026-05-04,active,2026-05-15
TAX1121,T14069,2026-03-14,expired,2026-04-13
TAX1122,T14070,2025-12-30,active,2026-01-11
TAX1123,T14077,2026-03-27,expired,2026-04-26
TAX1124,T14078,2026-05-19,active,2026-05-28
TAX1125,T14081,2026-06-20,active,2026-06-25
TAX1126,T14084,2026-04-21,active,2026-04-24
TAX1127,T14085,2025-11-13,active,2025-11-22
TAX1128,T14095,2025-10-26,active,2025-11-04
TAX1129,T14096,2025-12-09,active,2025-12-15
TAX1130,T14100,2026-03-31,active,2026-04-03
TAX1131,T14102,2025-11-28,active,2025-12-05
TAX1132,T14104,2025-12-29,active,2026-01-02
TAX1133,T14106,2026-06-08,pending_signature,2026-06-08
TAX1134,T14111,2026-03-16,expired,2026-04-15
TAX1135,T14114,2025-12-12,expired,2026-01-11
TAX1136,T14117,2025-11-15,pending_signature,2025-11-15
TAX1137,T14120,2026-05-20,pending_signature,2026-05-20
TAX1138,T14122,2025-12-24,active,2025-12-31
TAX1139,T14124,2026-01-04,pending_signature,2026-01-04
TAX1140,T14128,2026-02-19,active,2026-02-21
TAX1141,T14135,2025-12-28,active,2026-01-09
TAX1142,T14136,2026-04-25,pending_signature,2026-04-25
TAX1143,T14139,2026-02-19,active,2026-02-27
TAX1144,T14153,2026-01-27,active,2026-02-04
TAX1145,T14159,2025-11-14,active,2025-11-16
TAX1146,T14161,2026-06-22,active,2026-06-24
TAX1147,T14170,2026-05-07,expired,2026-06-06
TAX1148,T14172,2025-11-30,active,2025-12-05
TAX1149,T14177,2026-05-05,active,2026-05-18
TAX1150,T14178,2025-10-13,active,2025-10-23
TAX1151,T14179,2026-03-21,active,2026-03-31
TAX1152,T14187,2025-10-29,active,2025-10-31
TAX1153,T14188,2026-04-23,active,2026-05-01
TAX1154,T14189,2026-03-19,active,2026-03-20
TAX1155,T14190,2026-03-11,active,2026-03-24
TAX1156,T14194,2026-02-19,pending_signature,2026-02-19
TAX1157,T14196,2025-10-25,active,2025-11-05
TAX1158,T14202,2026-02-14,pending_signature,2026-02-14
TAX1159,T14209,2025-11-26,active,2025-11-28
TAX1160,T14210,2025-12-17,expired,2026-01-16
TAX1161,T14211,2025-12-05,expired,2026-01-04
TAX1162,T14212,2026-02-21,active,2026-03-06
TAX1163,T14219,2026-01-31,active,2026-02-10
TAX1164,T14221,2026-01-11,active,2026-01-20
TAX1165,T14222,2026-04-24,active,2026-04-25
TAX1166,T14223,2025-11-29,expired,2025-12-29
TAX1167,T14227,2026-04-19,active,2026-05-02
TAX1168,T14231,2025-10-16,active,2025-10-19
TAX1169,T14234,2025-12-15,pending_signature,2025-12-15
TAX1170,T14235,2026-03-15,pending_signature,2026-03-15
TAX1171,T14236,2026-01-27,active,2026-02-08
TAX1172,T14240,2026-02-13,pending_signature,2026-02-13
TAX1173,T14243,2026-06-14,pending_signature,2026-06-14
TAX1174,T14244,2026-04-04,active,2026-04-13
TAX1175,T14245,2026-02-25,active,2026-03-09
TAX1176,T14250,2026-01-19,expired,2026-02-18
TAX1177,T14253,2025-10-26,active,2025-11-01
TAX1178,T14254,2026-06-25,expired,2026-07-25
TAX1179,T14256,2025-11-24,expired,2025-12-24
TAX1180,T14266,2026-03-29,pending_signature,2026-03-29
TAX1181,T14267,2026-02-19,active,2026-02-28
TAX1182,T14274,2026-03-05,active,2026-03-15
TAX1183,T14275,2025-10-31,active,2025-11-09
TAX1184,T14276,2026-05-13,pending_signature,2026-05-13
TAX1185,T14277,2026-05-25,active,2026-05-31
TAX1186,T14281,2026-06-19,expired,2026-07-19
TAX1187,T14288,2025-11-16,active,2025-11-24
TAX1188,T14289,2026-02-03,expired,2026-03-05
TAX1189,T14296,2026-05-23,active,2026-06-03
TAX1190,T14297,2026-02-07,expired,2026-03-09
TAX1191,T14298,2025-11-30,expired,2025-12-30
TAX1192,T14303,2026-05-17,pending_signature,2026-05-17
TAX1193,T14305,2026-04-07,pending_signature,2026-04-07
TAX1194,T14306,2025-12-08,active,2025-12-18
TAX1195,T14309,2026-04-09,active,2026-04-22
TAX1196,T14312,2026-05-19,pending_signature,2026-05-19
TAX1197,T14313,2025-10-25,active,2025-10-30
TAX1198,T14314,2026-02-09,expired,2026-03-11
TAX1199,T14322,2026-04-15,expired,2026-05-15
TAX1200,T14324,2025-11-16,active,2025-11-28
TAX1201,T14326,2026-04-06,pending_signature,2026-04-06
TAX1202,T14333,2026-03-14,active,2026-03-23
TAX1203,T14337,2025-12-22,pending_signature,2025-12-22
TAX1204,T14342,2026-03-04,active,2026-03-17
TAX1205,T14343,2025-10-06,active,2025-10-16
TAX1206,T14344,2026-04-08,active,2026-04-13
TAX1207,T14354,2026-05-26,active,2026-06-06
TAX1208,T14358,2025-10-02,active,2025-10-12
TAX1209,T14364,2025-12-26,pending_signature,2025-12-26
TAX1210,T14369,2025-12-25,active,2026-01-01
TAX1211,T14375,2025-10-15,pending_signature,2025-10-15
TAX1212,T14379,2025-10-05,active,2025-10-11
TAX1213,T14384,2026-04-11,pending_signature,2026-04-11
TAX1214,T14389,2026-02-27,expired,2026-03-29
TAX1215,T14390,2026-03-12,pending_signature,2026-03-12
TAX1216,T14396,2025-10-20,active,2025-10-21
TAX1217,T14402,2025-10-01,pending_signature,2025-10-01
TAX1218,T14407,2025-12-27,active,2026-01-09
TAX1219,T14409,2026-04-05,active,2026-04-11
TAX1220,T14411,2026-01-10,pending_signature,2026-01-10
TAX1221,T14415,2026-03-13,active,2026-03-15
TAX1222,T14416,2026-03-14,active,2026-03-27
TAX1223,T14423,2026-05-11,pending_signature,2026-05-11
TAX1224,T14424,2026-05-14,active,2026-05-22
TAX1225,T14428,2025-11-19,active,2025-11-20
TAX1226,T14429,2025-10-09,active,2025-10-13
TAX1227,T14431,2025-10-15,active,2025-10-21
TAX1228,T14434,2026-05-22,active,2026-05-28
TAX1229,T14439,2026-04-15,active,2026-04-17
TAX1230,T14441,2025-11-19,expired,2025-12-19
TAX1231,T14447,2026-04-20,active,2026-04-30
TAX1232,T14448,2026-02-03,active,2026-02-15
TAX1233,T14456,2025-10-16,active,2025-10-19
TAX1234,T14461,2026-01-05,active,2026-01-18
TAX1235,T14463,2026-02-19,active,2026-02-21
TAX1236,T14465,2026-01-05,active,2026-01-13
TAX1237,T14467,2025-09-30,active,2025-10-11
TAX1238,T14468,2025-11-16,active,2025-11-20
TAX1239,T14476,2026-01-29,active,2026-01-31
TAX1240,T14477,2025-11-04,pending_signature,2025-11-04
TAX1241,T14480,2026-02-09,active,2026-02-21
TAX1242,T14481,2025-11-04,active,2025-11-12
TAX1243,T14484,2026-06-25,active,2026-06-29
TAX1244,T14485,2025-10-12,active,2025-10-20
TAX1245,T14488,2026-05-12,expired,2026-06-11
TAX1246,T14489,2026-02-03,active,2026-02-06
TAX1247,T14498,2026-03-09,active,2026-03-13
TAX1248,T14502,2026-02-26,pending_signature,2026-02-26
TAX1249,T14503,2026-04-15,active,2026-04-18
TAX1250,T14512,2026-03-11,expired,2026-04-10
TAX1251,T14519,2026-01-21,active,2026-01-22
TAX1252,T14520,2025-12-25,active,2026-01-02
TAX1253,T14524,2026-03-28,active,2026-04-08
TAX1254,T14525,2026-02-22,active,2026-03-01
TAX1255,T14526,2026-01-08,expired,2026-02-07
TAX1256,T14532,2026-05-13,expired,2026-06-12
TAX1257,T14533,2026-03-17,pending_signature,2026-03-17
TAX1258,T14534,2026-01-07,expired,2026-02-06
TAX1259,T14535,2026-03-05,active,2026-03-15
TAX1260,T14536,2026-04-13,active,2026-04-25
TAX1261,T14539,2025-11-19,active,2025-12-02
TAX1262,T14547,2026-01-01,active,2026-01-03
TAX1263,T14548,2025-12-28,pending_signature,2025-12-28
TAX1264,T14552,2026-06-07,active,2026-06-16
TAX1265,T14560,2026-01-31,pending_signature,2026-01-31
TAX1266,T14564,2026-06-24,active,2026-06-30
TAX1267,T14567,2025-10-23,expired,2025-11-22
TAX1268,T14568,2025-10-23,active,2025-10-28
TAX1269,T14574,2025-11-15,active,2025-11-19
TAX1270,T14575,2025-11-04,pending_signature,2025-11-04
TAX1271,T14576,2026-04-29,active,2026-04-30
TAX1272,T14577,2025-12-28,expired,2026-01-27
